fecha_inicio,medidor,demanda_uni
2020-01-07,086FBV,0
2020-01-08,086FBV,0
2020-01-09,086FBV,0
2020-01-10,086FBV,0
2020-01-11,086FBV,0
2020-01-12,086FBV,0
2021-01-01,086FBV,0.26
2021-01-02,086FBV,0.129
2021-01-03,086FBV,0.322
2021-01-04,086FBV,1.42
2021-01-05,086FBV,1.814
2021-01-06,086FBV,1.537
2021-01-07,086FBV,1.549
2021-01-08,086FBV,1.4
2021-01-09,086FBV,1.387
2021-01-10,086FBV,1.323
2021-01-11,086FBV,1.133
2021-01-12,086FBV,1.095
2022-01-01,086FBV,1.094
2022-01-02,086FBV,1.068
2022-01-03,086FBV,1.229
2022-01-04,086FBV,1.427
2022-01-05,086FBV,1.498
2022-01-06,086FBV,1.466
2022-01-07,086FBV,1.561
2022-01-08,086FBV,1.509
25/06/2020,086FBV,0
2018-01-02,091PFY,1.176
2018-01-03,091PFY,1.963
2018-01-04,091PFY,0.912
2018-01-05,091PFY,0.797
2018-01-06,091PFY,0.673
2018-01-07,091PFY,0.619
2018-01-08,091PFY,0.545
2018-01-09,091PFY,0.605
2018-01-10,091PFY,0.652
2018-01-11,091PFY,0.835
2018-01-12,091PFY,1.007
2018-03-01,091PFY,2.566
2019-01-01,091PFY,0.65
2019-01-02,091PFY,0.617
2019-01-03,091PFY,0.509
2019-01-04,091PFY,0.554
2019-01-05,091PFY,0.55
2019-01-06,091PFY,0.559
2019-01-07,091PFY,0.787
2019-01-08,091PFY,0.647
2019-01-09,091PFY,0.74
2019-01-10,091PFY,0.707
2019-01-11,091PFY,0.469
2019-01-12,091PFY,0.354
2020-01-01,091PFY,0.347
2020-01-02,091PFY,0.412
2020-01-03,091PFY,0.45
2020-01-04,091PFY,2.026
2020-01-05,091PFY,1.326
2020-01-06,091PFY,0.653
2020-01-07,091PFY,0.946
2020-01-08,091PFY,0.495
2020-01-09,091PFY,0.457
2020-01-10,091PFY,0.876
2020-01-11,091PFY,0.943
2020-01-12,091PFY,0.472
2021-01-01,091PFY,1.278
2021-01-02,091PFY,0.839
2021-01-03,091PFY,0.777
2021-01-04,091PFY,0.716
2021-01-05,091PFY,0.605
2021-01-06,091PFY,1.353
2021-01-07,091PFY,1.196
2021-01-08,091PFY,0.351
2021-01-09,091PFY,0.552
2021-01-10,091PFY,0.701
2021-01-11,091PFY,0.546
2021-01-12,091PFY,0.728
2022-01-01,091PFY,0.695
2022-01-02,091PFY,0.653
2022-01-03,091PFY,0.54
2022-01-04,091PFY,0.527
2022-01-05,091PFY,0.629
2022-01-06,091PFY,0.582
2022-01-07,091PFY,0.472
2022-01-08,091PFY,0.553
29/12/2017,091PFY,0
26/01/2017,137Y8W,1.142
26/01/2018,137Y8W,0.176
26/01/2019,137Y8W,0.415
26/01/2020,137Y8W,1.182
26/01/2021,137Y8W,1.024
26/01/2022,137Y8W,0.995
26/02/2017,137Y8W,0.336
26/02/2018,137Y8W,0.308
26/02/2019,137Y8W,1.325
26/02/2020,137Y8W,1.165
26/02/2021,137Y8W,1.02
26/02/2022,137Y8W,1.027
26/03/2017,137Y8W,0.977
26/03/2018,137Y8W,0.307
26/03/2019,137Y8W,0.136
26/03/2020,137Y8W,1.101
26/03/2021,137Y8W,1.271
26/03/2022,137Y8W,0.992
26/04/2017,137Y8W,0.192
26/04/2018,137Y8W,0.251
26/04/2019,137Y8W,0.16
26/04/2020,137Y8W,0.153
26/04/2021,137Y8W,1.198
26/04/2022,137Y8W,0.779
26/05/2017,137Y8W,0.196
26/05/2018,137Y8W,0.242
26/05/2019,137Y8W,0.661
26/05/2020,137Y8W,0.109
26/05/2021,137Y8W,1.22
26/05/2022,137Y8W,1.24
26/06/2017,137Y8W,0
26/06/2018,137Y8W,0.166
26/06/2019,137Y8W,0.712
26/06/2020,137Y8W,0.466
26/06/2021,137Y8W,1.338
26/06/2022,137Y8W,1.701
26/07/2017,137Y8W,0.895
26/07/2018,137Y8W,0.244
26/07/2019,137Y8W,0.973
26/07/2020,137Y8W,1.16
26/07/2021,137Y8W,1.758
26/07/2022,137Y8W,1.124
26/08/2017,137Y8W,0
26/08/2018,137Y8W,0.307
26/08/2019,137Y8W,1.106
26/08/2020,137Y8W,1.082
26/08/2021,137Y8W,1.179
26/09/2017,137Y8W,0
26/09/2018,137Y8W,0.287
26/09/2019,137Y8W,0.994
26/09/2020,137Y8W,1.236
26/09/2021,137Y8W,1.172
26/10/2016,137Y8W,1.19
26/10/2017,137Y8W,0
26/10/2018,137Y8W,0.241
26/10/2019,137Y8W,1.27
26/10/2020,137Y8W,1.295
26/10/2021,137Y8W,1.065
26/11/2016,137Y8W,0.746
26/11/2017,137Y8W,0
26/11/2018,137Y8W,0.222
26/11/2019,137Y8W,1.332
26/11/2020,137Y8W,1.356
26/11/2021,137Y8W,0.904
26/12/2016,137Y8W,1.251
26/12/2017,137Y8W,0.126
26/12/2018,137Y8W,1.131
26/12/2019,137Y8W,1.203
26/12/2020,137Y8W,1.322
26/12/2021,137Y8W,1.06
2017-01-10,170E6H,0.379
2017-01-11,170E6H,0.35
2017-01-12,170E6H,1.081
2018-01-01,170E6H,1.104
2018-01-02,170E6H,1.096
2018-01-03,170E6H,1.196
2018-01-04,170E6H,1.117
2018-01-05,170E6H,0.979
2018-01-06,170E6H,0.324
2018-01-07,170E6H,0.3
2018-01-08,170E6H,0.272
2018-01-09,170E6H,0.33
2018-01-10,170E6H,1.158
2018-01-11,170E6H,1.351
2018-01-12,170E6H,1.361
2019-01-01,170E6H,1.176
2019-01-02,170E6H,1.188
2019-01-03,170E6H,1.163
2019-01-04,170E6H,1.054
2019-01-05,170E6H,1.105
2019-01-06,170E6H,0.612
2019-01-07,170E6H,0.529
2019-01-08,170E6H,0.57
2019-01-09,170E6H,0.542
2019-01-10,170E6H,1.337
2019-01-11,170E6H,2.257
2019-01-12,170E6H,2.272
2020-01-01,170E6H,2.263
2020-01-02,170E6H,2.119
2020-01-03,170E6H,1.997
2020-01-04,170E6H,2.15
2020-01-05,170E6H,1.5
2020-01-06,170E6H,0.591
2020-01-07,170E6H,0.552
2020-01-08,170E6H,0.544
2020-01-09,170E6H,0.592
2020-01-10,170E6H,1.155
2020-01-11,170E6H,1.196
2020-01-12,170E6H,1.68
2021-01-01,170E6H,1.731
2021-01-02,170E6H,1.583
2021-01-03,170E6H,1.14
2021-01-04,170E6H,1.191
2021-01-05,170E6H,0.575
2021-01-06,170E6H,0.533
2021-01-07,170E6H,0.554
2021-01-08,170E6H,0.577
2021-01-09,170E6H,0.595
2021-01-10,170E6H,1.169
2021-01-11,170E6H,1.112
2021-01-12,170E6H,1.111
2022-01-01,170E6H,1.199
2022-01-02,170E6H,1.456
2022-01-03,170E6H,1.252
2022-01-04,170E6H,1.257
2022-01-05,170E6H,1.059
2022-01-06,170E6H,0.551
2022-01-07,170E6H,1.652
2022-01-08,170E6H,2.159
19/09/2017,170E6H,0.012
2016-01-12,203VE8,0.783
2017-01-01,203VE8,1.509
2017-01-02,203VE8,0.628
2017-01-03,203VE8,1.716
2017-01-04,203VE8,1.703
2017-01-05,203VE8,1.837
2017-01-06,203VE8,2.042
2017-01-07,203VE8,1.994
2017-01-08,203VE8,1.944
2017-01-09,203VE8,1.789
2017-01-10,203VE8,0.904
2017-01-11,203VE8,0.911
2017-01-12,203VE8,1.265
2018-01-01,203VE8,2.008
2018-01-02,203VE8,1.149
2018-01-03,203VE8,1.718
2018-01-04,203VE8,1.549
2018-01-05,203VE8,1.962
2018-01-06,203VE8,2.346
2018-01-07,203VE8,2.226
2018-01-08,203VE8,2.155
2018-01-09,203VE8,2.116
2018-01-10,203VE8,1.283
2018-01-11,203VE8,1.238
2018-01-12,203VE8,1.184
2019-01-01,203VE8,1.11
2019-01-02,203VE8,1.054
2019-01-03,203VE8,1.325
2019-01-04,203VE8,1.373
2019-01-05,203VE8,2.164
2019-01-06,203VE8,2.598
2019-01-07,203VE8,2.231
2019-01-08,203VE8,2.505
2019-01-09,203VE8,2.28
2019-01-10,203VE8,2.1
2019-01-11,203VE8,1.297
2019-01-12,203VE8,1.5
2020-01-01,203VE8,0.684
2020-01-02,203VE8,0.869
2020-01-03,203VE8,1.219
2020-01-04,203VE8,1.43
2020-01-05,203VE8,1.866
2020-01-06,203VE8,1.76
2020-01-07,203VE8,2.07
2020-01-08,203VE8,1.865
2020-01-09,203VE8,2.136
2020-01-10,203VE8,0.988
2020-01-11,203VE8,1.365
2020-01-12,203VE8,0.96
2021-01-01,203VE8,1.054
2021-01-02,203VE8,0.885
2021-01-03,203VE8,1.109
2021-01-04,203VE8,1.805
2021-01-05,203VE8,2.158
2021-01-06,203VE8,2.14
2021-01-07,203VE8,2.162
2021-01-08,203VE8,2.126
2021-01-09,203VE8,2.209
2021-01-10,203VE8,2.216
2021-01-11,203VE8,0.94
2021-01-12,203VE8,0.932
2022-01-01,203VE8,1.202
2022-01-02,203VE8,1.075
2022-01-03,203VE8,0.9
2022-01-04,203VE8,1.568
2022-01-05,203VE8,2.121
2022-01-06,203VE8,2.161
2022-01-07,203VE8,2.162
2022-01-08,203VE8,2.05
2017-01-06,237VHK,1.356
2017-01-07,237VHK,1.487
2017-01-08,237VHK,1.493
2017-01-09,237VHK,1.18
2017-01-10,237VHK,1.541
2017-01-11,237VHK,0.606
2017-01-12,237VHK,1.693
2018-01-01,237VHK,1.893
2018-01-02,237VHK,0.781
2018-01-03,237VHK,1.438
2018-01-04,237VHK,1.272
2018-01-05,237VHK,1.556
2018-01-06,237VHK,1.386
2018-01-07,237VHK,1.444
2018-01-08,237VHK,1.461
2018-01-09,237VHK,1.327
2018-01-10,237VHK,1.158
2018-01-11,237VHK,2.391
2018-01-12,237VHK,2.869
2019-01-01,237VHK,3.391
2019-01-02,237VHK,1.841
2019-01-03,237VHK,0.816
2019-01-04,237VHK,0.979
2019-01-05,237VHK,1.315
2019-01-06,237VHK,1.409
2019-01-07,237VHK,1.776
2019-01-08,237VHK,1.516
2019-01-09,237VHK,1.364
2019-01-10,237VHK,1.244
2019-01-11,237VHK,0.752
2019-01-12,237VHK,1.828
2020-01-01,237VHK,1.318
2020-01-02,237VHK,0
2020-01-03,237VHK,0
2020-01-04,237VHK,0
2020-01-05,237VHK,0
2020-01-06,237VHK,0
2020-01-07,237VHK,0
2020-01-08,237VHK,0.743
2020-01-09,237VHK,0.304
2020-01-10,237VHK,2.345
2020-01-11,237VHK,1.81
2020-01-12,237VHK,0.411
2021-01-01,237VHK,0.365
2021-01-02,237VHK,0.313
2021-01-03,237VHK,0
2021-01-04,237VHK,0.273
2021-01-05,237VHK,0.017
2021-01-06,237VHK,0.214
2021-01-07,237VHK,0.737
2021-01-08,237VHK,0.977
2021-01-09,237VHK,0.888
2021-01-10,237VHK,1.094
2021-01-11,237VHK,1.445
2021-01-12,237VHK,1.591
2022-01-01,237VHK,1.734
2022-01-02,237VHK,1.932
2022-01-03,237VHK,0.628
2022-01-04,237VHK,0.746
2022-01-05,237VHK,0.995
2022-01-06,237VHK,1.539
2022-01-07,237VHK,1.611
2022-01-08,237VHK,1.435
13/05/2017,237VHK,1.367
2020-01-06,251YML,0.446
2020-01-07,251YML,0.397
2020-01-08,251YML,0.765
2020-01-09,251YML,1.207
2020-01-10,251YML,1.279
2020-01-11,251YML,1.216
2020-01-12,251YML,1.637
2021-01-01,251YML,1.74
2021-01-02,251YML,1.488
2021-01-03,251YML,1.052
2021-01-04,251YML,1.309
2021-01-05,251YML,1.237
2021-01-06,251YML,1.409
2021-01-07,251YML,1.169
2021-01-08,251YML,1.031
2021-01-09,251YML,1.097
2021-01-10,251YML,1.066
2021-01-11,251YML,1.036
2021-01-12,251YML,0.947
2022-01-01,251YML,1.236
2022-01-02,251YML,1.206
2022-01-03,251YML,0.743
2022-01-04,251YML,0.542
2022-01-05,251YML,0.625
2022-01-06,251YML,0.617
2022-01-07,251YML,0.601
2022-01-08,251YML,0.547
24/05/2020,251YML,0.378
21/01/2017,323EPC,2.419
21/01/2019,323EPC,1.272
21/01/2020,323EPC,1.032
21/01/2021,323EPC,1.158
21/01/2022,323EPC,1.508
21/02/2017,323EPC,2.145
21/02/2018,323EPC,1.373
21/02/2019,323EPC,1.488
21/02/2020,323EPC,0.999
21/02/2021,323EPC,0.973
21/02/2022,323EPC,1.056
21/03/2017,323EPC,1.946
21/03/2018,323EPC,0.221
21/03/2019,323EPC,1.557
21/03/2020,323EPC,1.293
21/03/2021,323EPC,2.303
21/03/2022,323EPC,0.672
21/04/2017,323EPC,1.572
21/04/2018,323EPC,0.116
21/04/2019,323EPC,0
21/04/2020,323EPC,0.656
21/04/2021,323EPC,0.921
21/04/2022,323EPC,1.918
21/05/2016,323EPC,0.912
21/05/2017,323EPC,1.739
21/05/2018,323EPC,0.07
21/05/2019,323EPC,0
21/05/2020,323EPC,0.886
21/05/2021,323EPC,0.376
21/05/2022,323EPC,1.953
21/06/2016,323EPC,0.892
21/06/2017,323EPC,1.645
21/06/2018,323EPC,0.074
21/06/2019,323EPC,0
21/06/2020,323EPC,0.672
21/06/2021,323EPC,0.822
21/06/2022,323EPC,0.462
21/07/2016,323EPC,0.705
21/07/2017,323EPC,2.007
21/07/2018,323EPC,0.098
21/07/2019,323EPC,0
21/07/2020,323EPC,0.637
21/07/2021,323EPC,1.032
21/07/2022,323EPC,0
21/08/2016,323EPC,0.541
21/08/2018,323EPC,0.12
21/08/2019,323EPC,0.577
21/08/2020,323EPC,0.732
21/08/2021,323EPC,0.738
21/08/2022,323EPC,1.141
21/09/2016,323EPC,1.934
21/09/2018,323EPC,0.377
21/09/2019,323EPC,0.684
21/09/2020,323EPC,1.104
21/09/2021,323EPC,0.756
21/10/2016,323EPC,1.686
21/10/2018,323EPC,0.608
21/10/2019,323EPC,0.638
21/10/2020,323EPC,0.961
21/10/2021,323EPC,0.902
21/11/2016,323EPC,1.824
21/11/2018,323EPC,0.644
21/11/2019,323EPC,0.65
21/11/2020,323EPC,1.085
21/11/2021,323EPC,1.103
21/12/2016,323EPC,1.971
21/12/2018,323EPC,1.659
21/12/2019,323EPC,1.577
21/12/2020,323EPC,1.055
21/12/2021,323EPC,2.739
21/01/2018,365YJ1,0
21/01/2019,365YJ1,0
21/01/2020,365YJ1,0
21/01/2021,365YJ1,1.077
21/01/2022,365YJ1,1.44
21/02/2017,365YJ1,0
21/02/2018,365YJ1,0
21/02/2019,365YJ1,0
21/02/2020,365YJ1,0
21/02/2021,365YJ1,0.738
21/02/2022,365YJ1,0.876
21/03/2017,365YJ1,0
21/03/2018,365YJ1,0
21/03/2019,365YJ1,2.083
21/03/2020,365YJ1,0
21/03/2021,365YJ1,0.703
21/03/2022,365YJ1,1.561
21/04/2017,365YJ1,0.014
21/04/2018,365YJ1,1.433
21/04/2019,365YJ1,2.04
21/04/2020,365YJ1,0
21/04/2021,365YJ1,0.884
21/04/2022,365YJ1,2.242
21/05/2017,365YJ1,1.693
21/05/2018,365YJ1,2.244
21/05/2019,365YJ1,1.477
21/05/2020,365YJ1,0
21/05/2021,365YJ1,0.888
21/05/2022,365YJ1,1.869
21/06/2017,365YJ1,2.265
21/06/2018,365YJ1,1.466
21/06/2019,365YJ1,0
21/06/2020,365YJ1,0
21/06/2021,365YJ1,0.98
21/06/2022,365YJ1,1.99
21/07/2017,365YJ1,0
21/07/2018,365YJ1,1.112
21/07/2019,365YJ1,1.2
21/07/2020,365YJ1,0
21/07/2021,365YJ1,0.866
21/07/2022,365YJ1,1.959
21/08/2017,365YJ1,0
21/08/2018,365YJ1,0.969
21/08/2019,365YJ1,0
21/08/2020,365YJ1,0
21/08/2021,365YJ1,0.885
21/08/2022,365YJ1,1.6
21/09/2017,365YJ1,1.625
21/09/2018,365YJ1,1.024
21/09/2019,365YJ1,0
21/09/2020,365YJ1,1.347
21/09/2021,365YJ1,1.117
21/10/2016,365YJ1,0
21/10/2017,365YJ1,1.809
21/10/2018,365YJ1,1.053
21/10/2019,365YJ1,0
21/10/2020,365YJ1,1.482
21/10/2021,365YJ1,0.977
21/11/2016,365YJ1,0
21/11/2018,365YJ1,1.748
21/11/2019,365YJ1,0
21/11/2020,365YJ1,0
21/11/2021,365YJ1,0.963
21/12/2016,365YJ1,0
21/12/2017,365YJ1,0
21/12/2018,365YJ1,1.799
21/12/2019,365YJ1,0
21/12/2020,365YJ1,1.15
21/12/2021,365YJ1,1.187
28/01/2017,365YJ1,0.649
2016-01-11,394H5K,1.084
2016-01-12,394H5K,1.138
2017-01-01,394H5K,1.042
2017-01-02,394H5K,0.998
2017-01-03,394H5K,1.209
2017-01-04,394H5K,1.623
2017-01-05,394H5K,1.548
2017-01-06,394H5K,1.915
2017-01-07,394H5K,2.615
2017-01-08,394H5K,1.686
2017-01-09,394H5K,1.521
2017-01-10,394H5K,1.471
2017-01-11,394H5K,2.224
2017-01-12,394H5K,1.499
2018-01-01,394H5K,1.436
2018-01-02,394H5K,1.344
2018-01-03,394H5K,1.432
2018-01-04,394H5K,1.596
2018-01-05,394H5K,1.656
2018-01-06,394H5K,1.618
2018-01-07,394H5K,1.78
2018-01-08,394H5K,1.6
2018-01-09,394H5K,1.55
2018-01-10,394H5K,1.422
2018-01-11,394H5K,1.217
2018-01-12,394H5K,1.833
2019-01-01,394H5K,1.333
2019-01-02,394H5K,1.219
2019-01-03,394H5K,1.052
2019-01-04,394H5K,1.38
2019-01-05,394H5K,1.469
2019-01-06,394H5K,1.972
2019-01-07,394H5K,1.787
2019-01-08,394H5K,1.656
2019-01-09,394H5K,1.545
2019-01-10,394H5K,1.453
2019-01-11,394H5K,1.334
2019-01-12,394H5K,1.116
2020-01-01,394H5K,1.545
2020-01-02,394H5K,1.321
2020-01-03,394H5K,1.303
2020-01-04,394H5K,1.427
2020-01-05,394H5K,1.616
2020-01-06,394H5K,1.532
2020-01-07,394H5K,1.616
2020-01-08,394H5K,1.66
2020-01-09,394H5K,1.421
2020-01-10,394H5K,0.51
2020-01-11,394H5K,1.091
2020-01-12,394H5K,1.394
2021-01-01,394H5K,1.209
2021-01-02,394H5K,1.553
2021-01-03,394H5K,1.239
2021-01-04,394H5K,1.65
2021-01-05,394H5K,1.61
2021-01-06,394H5K,1.709
2021-01-07,394H5K,1.671
2021-01-08,394H5K,1.6
2021-01-09,394H5K,1.655
2021-01-10,394H5K,1.753
2021-01-11,394H5K,1.186
2021-01-12,394H5K,1.241
2022-01-01,394H5K,1.241
2022-01-02,394H5K,2.335
2022-01-03,394H5K,2.232
2022-01-04,394H5K,1.617
2022-01-05,394H5K,1.724
2022-01-06,394H5K,1.697
2022-01-07,394H5K,1.767
2022-01-08,394H5K,1.816
2016-01-11,398G2J,2.152
2016-01-12,398G2J,1.519
2017-01-01,398G2J,1.091
2017-01-02,398G2J,0.857
2017-01-03,398G2J,2.767
2017-01-04,398G2J,3.202
2017-01-05,398G2J,3.219
2017-01-06,398G2J,3.194
2017-01-07,398G2J,3.089
2017-01-08,398G2J,3.242
2017-01-09,398G2J,2.857
2017-01-10,398G2J,2.729
2017-01-11,398G2J,2.559
2017-01-12,398G2J,1.144
2018-01-01,398G2J,3.073
2018-01-02,398G2J,1.434
2018-01-03,398G2J,2.766
2018-01-04,398G2J,2.259
2018-01-05,398G2J,2.939
2018-01-06,398G2J,3.043
2018-01-07,398G2J,3.372
2018-01-08,398G2J,3.083
2018-01-09,398G2J,2.732
2018-01-10,398G2J,2.647
2018-01-11,398G2J,2.522
2018-01-12,398G2J,1.098
2019-01-01,398G2J,0.944
2019-01-02,398G2J,1.687
2019-01-03,398G2J,2.682
2019-01-04,398G2J,2.772
2019-01-05,398G2J,2.963
2019-01-06,398G2J,3.175
2019-01-07,398G2J,3.126
2019-01-08,398G2J,3.043
2019-01-09,398G2J,2.843
2019-01-10,398G2J,2.927
2019-01-11,398G2J,1.272
2019-01-12,398G2J,0.856
2020-01-01,398G2J,0.825
2020-01-02,398G2J,1.056
2020-01-03,398G2J,2.876
2020-01-04,398G2J,3.134
2020-01-05,398G2J,3.008
2020-01-06,398G2J,2.963
2020-01-07,398G2J,3.161
2020-01-08,398G2J,3.382
2020-01-09,398G2J,3.131
2020-01-10,398G2J,3.007
2020-01-11,398G2J,1.69
2020-01-12,398G2J,1.409
2021-01-01,398G2J,1.002
2021-01-02,398G2J,2.351
2021-01-03,398G2J,2.577
2021-01-04,398G2J,3.202
2021-01-05,398G2J,3.367
2021-01-06,398G2J,3.388
2021-01-07,398G2J,3.255
2021-01-08,398G2J,3.519
2021-01-09,398G2J,3.288
2021-01-10,398G2J,3.088
2021-01-11,398G2J,2.533
2021-01-12,398G2J,1.397
2022-01-01,398G2J,1.249
2022-01-02,398G2J,1.646
2022-01-03,398G2J,2.652
2022-01-04,398G2J,3.097
2022-01-05,398G2J,3.066
2022-01-06,398G2J,3.133
2022-01-07,398G2J,3.115
2022-01-08,398G2J,3.085
2016-01-12,398GD4,1.331
2017-01-01,398GD4,1.413
2017-01-02,398GD4,1.507
2017-01-03,398GD4,1.421
2017-01-04,398GD4,0.778
2017-01-05,398GD4,0.636
2017-01-06,398GD4,0.653
2017-01-07,398GD4,0.602
2017-01-08,398GD4,0.584
2017-01-09,398GD4,0.549
2017-01-10,398GD4,0.629
2017-01-11,398GD4,1.461
2017-01-12,398GD4,2.582
2018-01-01,398GD4,2.542
2018-01-02,398GD4,1.631
2018-01-03,398GD4,1.367
2018-01-04,398GD4,1.508
2018-01-05,398GD4,1.922
2018-01-06,398GD4,1.837
2018-01-07,398GD4,1.975
2018-01-08,398GD4,1.831
2018-01-09,398GD4,1.875
2018-01-10,398GD4,1.805
2018-01-11,398GD4,2.184
2018-01-12,398GD4,1.825
2019-01-01,398GD4,1.425
2019-01-02,398GD4,1.507
2019-01-03,398GD4,1.338
2019-01-04,398GD4,1.319
2019-01-05,398GD4,1.186
2019-01-06,398GD4,0.617
2019-01-07,398GD4,0.71
2019-01-08,398GD4,0.739
2019-01-09,398GD4,0.83
2019-01-10,398GD4,1.279
2019-01-11,398GD4,1.44
2019-01-12,398GD4,1.53
2020-01-01,398GD4,1.512
2020-01-02,398GD4,2.048
2020-01-03,398GD4,1.18
2020-01-04,398GD4,1.184
2020-01-05,398GD4,0.509
2020-01-06,398GD4,0.451
2020-01-07,398GD4,1.013
2020-01-08,398GD4,0.605
2020-01-09,398GD4,1.074
2020-01-10,398GD4,1.146
2020-01-11,398GD4,1.248
2020-01-12,398GD4,1.373
2021-01-01,398GD4,1.629
2021-01-02,398GD4,1.521
2021-01-03,398GD4,1.177
2021-01-04,398GD4,1.041
2021-01-05,398GD4,1.235
2021-01-06,398GD4,0.69
2021-01-07,398GD4,0.849
2021-01-08,398GD4,0.812
2021-01-09,398GD4,0.75
2021-01-10,398GD4,1.1
2021-01-11,398GD4,1.32
2021-01-12,398GD4,1.157
2022-01-01,398GD4,1.701
2022-01-02,398GD4,1.393
2022-01-03,398GD4,1.085
2022-01-04,398GD4,1.141
2022-01-05,398GD4,0.843
2022-01-06,398GD4,0.718
2022-01-07,398GD4,0.496
2022-01-08,398GD4,0.388
2017-01-08,401HRA,1.056
2017-01-09,401HRA,1.155
2017-01-10,401HRA,1.103
2017-01-11,401HRA,0.03
2017-01-12,401HRA,0.031
2017-11-07,401HRA,1.057
2018-01-01,401HRA,0.031
2018-01-02,401HRA,0.031
2018-01-03,401HRA,1.142
2018-01-04,401HRA,1.168
2018-01-05,401HRA,1.208
2018-01-06,401HRA,1.614
2018-01-07,401HRA,1.326
2018-01-08,401HRA,1.274
2018-01-09,401HRA,1.259
2018-01-10,401HRA,1.073
2018-01-11,401HRA,0.031
2018-01-12,401HRA,0.031
2019-01-01,401HRA,0.032
2019-01-02,401HRA,0.954
2019-01-03,401HRA,1.273
2019-01-04,401HRA,1.194
2019-01-05,401HRA,1.307
2019-01-06,401HRA,1.69
2019-01-07,401HRA,1.556
2019-01-08,401HRA,1.046
2019-01-09,401HRA,1.375
2019-01-10,401HRA,1.038
2019-01-11,401HRA,0.021
2019-01-12,401HRA,0.02
2020-01-01,401HRA,0.02
2020-01-02,401HRA,0.02
2020-01-03,401HRA,1.111
2020-01-04,401HRA,1.063
2020-01-05,401HRA,1.116
2020-01-06,401HRA,1.168
2020-01-07,401HRA,1.28
2020-01-08,401HRA,1.353
2020-01-09,401HRA,1.288
2020-01-10,401HRA,0.868
2020-01-11,401HRA,0.021
2020-01-12,401HRA,0.021
2021-01-01,401HRA,0.02
2021-01-02,401HRA,0
2021-01-03,401HRA,1.06
2021-01-04,401HRA,1.188
2021-01-05,401HRA,1.12
2021-01-06,401HRA,1.176
2021-01-07,401HRA,1.464
2021-01-08,401HRA,1.598
2021-01-09,401HRA,1.597
2021-01-10,401HRA,1.273
2021-01-11,401HRA,0.631
2021-01-12,401HRA,0.166
2022-01-01,401HRA,0.388
2022-01-02,401HRA,0.089
2022-01-03,401HRA,0.098
2022-01-04,401HRA,0.114
2022-01-05,401HRA,0.167
2022-01-06,401HRA,0.226
2022-01-07,401HRA,0.64
2022-01-08,401HRA,0.635
20/06/2017,401HRA,0
2017-01-06,405UPG,0.305
2017-01-07,405UPG,1.284
2017-01-08,405UPG,1.662
2017-01-09,405UPG,0.78
2017-01-10,405UPG,1.022
2017-01-11,405UPG,0.807
2017-01-12,405UPG,0.152
2017-10-05,405UPG,0.125
2018-01-01,405UPG,0
2018-01-02,405UPG,0.074
2018-01-03,405UPG,0.042
2018-01-04,405UPG,0
2018-01-05,405UPG,1.548
2018-01-06,405UPG,2.046
2018-01-07,405UPG,2.115
2018-01-08,405UPG,1.501
2018-01-09,405UPG,1.487
2018-01-10,405UPG,2.912
2018-01-11,405UPG,2.778
2018-01-12,405UPG,2.825
2019-01-01,405UPG,3.608
2019-01-02,405UPG,0.1
2019-01-03,405UPG,0.008
2019-01-04,405UPG,0.011
2019-01-05,405UPG,0.095
2019-01-06,405UPG,1.005
2019-01-07,405UPG,0.384
2019-01-08,405UPG,1.059
2019-01-09,405UPG,0.933
2019-01-10,405UPG,2.88
2019-01-11,405UPG,3.171
2019-01-12,405UPG,3.423
2020-01-01,405UPG,4.198
2020-01-02,405UPG,4.305
2020-01-03,405UPG,4.033
2020-01-04,405UPG,3.905
2020-01-05,405UPG,2.935
2020-01-06,405UPG,3.222
2020-01-07,405UPG,2.554
2020-01-08,405UPG,2.843
2020-01-09,405UPG,3.132
2020-01-10,405UPG,3.31
2020-01-11,405UPG,4.156
2020-01-12,405UPG,4.268
2021-01-01,405UPG,3.692
2021-01-02,405UPG,3.273
2021-01-03,405UPG,3.523
2021-01-04,405UPG,3.775
2021-01-05,405UPG,3.435
2021-01-06,405UPG,3.544
2021-01-07,405UPG,2.572
2021-01-08,405UPG,3.482
2021-01-09,405UPG,2.88
2021-01-10,405UPG,3.388
2021-01-11,405UPG,4.159
2021-01-12,405UPG,3.091
2022-01-01,405UPG,3.676
2022-01-02,405UPG,3.527
2022-01-03,405UPG,3.741
2022-01-04,405UPG,2.443
2022-01-05,405UPG,3.715
2022-01-06,405UPG,2.587
2022-01-07,405UPG,1.623
2022-01-08,405UPG,3.366
2017-01-03,450UNH,0
2017-01-04,450UNH,0.156
2017-01-05,450UNH,0.063
2017-01-06,450UNH,0.302
2017-01-07,450UNH,0.378
2017-01-08,450UNH,0.504
2017-01-09,450UNH,0.407
2017-01-10,450UNH,0.796
2017-01-11,450UNH,1.305
2017-01-12,450UNH,0.014
2018-01-01,450UNH,1.207
2018-01-02,450UNH,1.133
2018-01-03,450UNH,1.047
2018-01-04,450UNH,0.258
2018-01-05,450UNH,0.28
2018-01-06,450UNH,0.005
2018-01-07,450UNH,0.369
2018-01-08,450UNH,0.641
2018-01-09,450UNH,0.504
2018-01-10,450UNH,0.64
2018-01-11,450UNH,0.477
2018-01-12,450UNH,1.301
2019-01-01,450UNH,0.499
2019-01-02,450UNH,0.28
2019-01-03,450UNH,0
2019-01-04,450UNH,0.469
2019-01-05,450UNH,0.269
2019-01-06,450UNH,0.866
2019-01-07,450UNH,0.777
2019-01-08,450UNH,0.68
2019-01-09,450UNH,0.61
2019-01-10,450UNH,0.696
2019-01-11,450UNH,0.553
2019-01-12,450UNH,0.319
2020-01-01,450UNH,0.432
2020-01-02,450UNH,0.52
2020-01-03,450UNH,0.458
2020-01-04,450UNH,0.503
2020-01-05,450UNH,0.512
2020-01-06,450UNH,0.496
2020-01-07,450UNH,0.689
2020-01-08,450UNH,0.751
2020-01-09,450UNH,0.582
2020-01-10,450UNH,0.837
2020-01-11,450UNH,0.736
2020-01-12,450UNH,0.25
2021-01-01,450UNH,0.44
2021-01-02,450UNH,1.275
2021-01-03,450UNH,1.021
2021-01-04,450UNH,0.552
2021-01-05,450UNH,0.375
2021-01-06,450UNH,0.538
2021-01-07,450UNH,0.467
2021-01-08,450UNH,0.561
2021-01-09,450UNH,0.404
2021-01-10,450UNH,0.542
2021-01-11,450UNH,1.116
2021-01-12,450UNH,1.2
2022-01-01,450UNH,1.211
2022-01-02,450UNH,1.455
2022-01-03,450UNH,1.294
2022-01-04,450UNH,1.228
2022-01-05,450UNH,0.635
2022-01-06,450UNH,0.632
2022-01-07,450UNH,0.559
2022-01-08,450UNH,0.34
23/02/2017,450UNH,0
2016-01-12,461GM2,1.655
2017-01-01,461GM2,2.279
2017-01-02,461GM2,0.686
2017-01-03,461GM2,0.707
2017-01-04,461GM2,1.235
2017-01-05,461GM2,1.315
2017-01-06,461GM2,1.916
2017-01-07,461GM2,1.544
2017-01-08,461GM2,1.418
2017-01-09,461GM2,1.303
2017-01-10,461GM2,1.177
2017-01-11,461GM2,0.674
2017-01-12,461GM2,1.711
2018-01-01,461GM2,3.136
2018-01-02,461GM2,0.703
2018-01-03,461GM2,0.669
2018-01-04,461GM2,0.699
2018-01-05,461GM2,0.72
2018-01-06,461GM2,1.431
2018-01-07,461GM2,1.701
2018-01-08,461GM2,1.469
2018-01-09,461GM2,1.334
2018-01-10,461GM2,0.809
2018-01-11,461GM2,0.912
2018-01-12,461GM2,1.144
2019-01-01,461GM2,1.291
2019-01-02,461GM2,1.01
2019-01-03,461GM2,0.867
2019-01-04,461GM2,0.821
2019-01-05,461GM2,1.353
2019-01-06,461GM2,1.704
2019-01-07,461GM2,1.375
2019-01-08,461GM2,1.786
2019-01-09,461GM2,1.345
2019-01-10,461GM2,1.252
2019-01-11,461GM2,0.812
2019-01-12,461GM2,0.955
2020-01-01,461GM2,0.718
2020-01-02,461GM2,0.789
2020-01-03,461GM2,1.738
2020-01-04,461GM2,1.466
2020-01-05,461GM2,1.523
2020-01-06,461GM2,1.457
2020-01-07,461GM2,1.864
2020-01-08,461GM2,0.859
2020-01-09,461GM2,0.881
2020-01-10,461GM2,0.805
2020-01-11,461GM2,0.806
2020-01-12,461GM2,0.68
2021-01-01,461GM2,1.596
2021-01-02,461GM2,0.729
2021-01-03,461GM2,0.849
2021-01-04,461GM2,1.437
2021-01-05,461GM2,1.3
2021-01-06,461GM2,1.587
2021-01-07,461GM2,1.54
2021-01-08,461GM2,1.569
2021-01-09,461GM2,1.533
2021-01-10,461GM2,1.276
2021-01-11,461GM2,0.878
2021-01-12,461GM2,0.818
2022-01-01,461GM2,1.249
2022-01-02,461GM2,2.25
2022-01-03,461GM2,0.849
2022-01-04,461GM2,1.234
2022-01-05,461GM2,2.234
2022-01-06,461GM2,2.374
2022-01-07,461GM2,2.3
2022-01-08,461GM2,2.381
2022-01-02,461N6J,2.755
2022-01-03,461N6J,2.763
2022-01-04,461N6J,0
2022-01-05,461N6J,0
2022-01-06,461N6J,0
2022-01-07,461N6J,0
2022-01-08,461N6J,0
2016-01-12,469MU0,0.456
2017-01-01,469MU0,0.498
2017-01-02,469MU0,0.422
2017-01-03,469MU0,0.458
2017-01-04,469MU0,0.478
2017-01-05,469MU0,0.167
2017-01-06,469MU0,0.155
2017-01-07,469MU0,0.264
2017-01-08,469MU0,0
2017-01-09,469MU0,0
2017-01-10,469MU0,0
2017-01-11,469MU0,0
2017-01-12,469MU0,0
2018-01-01,469MU0,0
2018-01-02,469MU0,0
2018-01-03,469MU0,0
2018-01-04,469MU0,0
2018-01-05,469MU0,0
2018-01-06,469MU0,0
2018-01-07,469MU0,0
2018-01-08,469MU0,0
2018-01-09,469MU0,0
2018-01-10,469MU0,0
2018-01-11,469MU0,0
2018-01-12,469MU0,0
2019-01-01,469MU0,0
2019-01-02,469MU0,0
2019-01-03,469MU0,0
2019-01-04,469MU0,0
2019-01-05,469MU0,0
2019-01-06,469MU0,0
2019-01-07,469MU0,0
2019-01-08,469MU0,0
2019-01-09,469MU0,2.233
2019-01-10,469MU0,1.728
2019-01-11,469MU0,1.624
2019-01-12,469MU0,2.216
2020-01-01,469MU0,1.649
2020-01-02,469MU0,1.758
2020-01-03,469MU0,3.016
2020-01-04,469MU0,2.991
2020-01-05,469MU0,2.527
2020-01-06,469MU0,2.731
2020-01-07,469MU0,2.105
2020-01-08,469MU0,2.139
2020-01-09,469MU0,1.877
2020-01-10,469MU0,1.887
2020-01-11,469MU0,1.075
2020-01-12,469MU0,1.607
2021-01-01,469MU0,1.503
2021-01-02,469MU0,2.41
2021-01-03,469MU0,1.367
2021-01-04,469MU0,2.399
2021-01-05,469MU0,1.467
2021-01-06,469MU0,3.122
2021-01-07,469MU0,2.877
2021-01-08,469MU0,2.561
2021-01-09,469MU0,2.796
2021-01-10,469MU0,2.2
2021-01-11,469MU0,1.355
2021-01-12,469MU0,1.266
2022-01-01,469MU0,1.296
2022-01-02,469MU0,2.081
2022-01-03,469MU0,1.362
2022-01-04,469MU0,1.303
2022-01-05,469MU0,1.943
2022-01-06,469MU0,2.474
2022-01-07,469MU0,2.279
2022-01-08,469MU0,2.401
2016-01-11,472MAL,2.365
2016-01-12,472MAL,1.913
2017-01-01,472MAL,2.152
2017-01-02,472MAL,2.332
2017-01-03,472MAL,2.473
2017-01-04,472MAL,2.791
2017-01-05,472MAL,2.722
2017-01-06,472MAL,2.908
2017-01-07,472MAL,2.71
2017-01-08,472MAL,1.4
2017-01-09,472MAL,0.04
2017-01-10,472MAL,0.041
2017-01-11,472MAL,0.041
2017-01-12,472MAL,0.041
2018-01-01,472MAL,0.041
2018-01-02,472MAL,1.274
2018-01-03,472MAL,1.334
2018-01-04,472MAL,0.04
2018-01-05,472MAL,0.059
2018-01-06,472MAL,3.049
2018-01-07,472MAL,3.023
2018-01-08,472MAL,0.038
2018-01-09,472MAL,3.178
2018-01-10,472MAL,3.017
2018-01-11,472MAL,2.889
2018-01-12,472MAL,2.847
2019-01-01,472MAL,2.239
2019-01-02,472MAL,3.749
2019-01-03,472MAL,0.058
2019-01-04,472MAL,4.112
2019-01-05,472MAL,1.58
2019-01-06,472MAL,0.998
2019-01-07,472MAL,0.939
2019-01-08,472MAL,2.57
2019-01-09,472MAL,2.33
2019-01-10,472MAL,2.237
2019-01-11,472MAL,2.149
2019-01-12,472MAL,2.083
2020-01-01,472MAL,3.142
2020-01-02,472MAL,3.3
2020-01-03,472MAL,3.411
2020-01-04,472MAL,3.117
2020-01-05,472MAL,3.014
2020-01-06,472MAL,4.185
2020-01-07,472MAL,4.882
2020-01-08,472MAL,4.836
2020-01-09,472MAL,4.494
2020-01-11,472MAL,3.923
2020-05-10,472MAL,4.284
2020-09-12,472MAL,4.161
2021-01-01,472MAL,3.534
2021-01-03,472MAL,3.885
2021-01-05,472MAL,4.364
2021-01-07,472MAL,4.943
2021-01-09,472MAL,6.067
2021-01-11,472MAL,5.094
2021-03-04,472MAL,5.049
2021-07-06,472MAL,4.726
2021-08-02,472MAL,3.343
2021-08-08,472MAL,5.688
2021-08-12,472MAL,4.67
2021-09-10,472MAL,5.912
2022-01-01,472MAL,4.479
2022-01-03,472MAL,4.07
2022-01-05,472MAL,4.716
2022-01-07,472MAL,5.278
2022-06-04,472MAL,4.76
2022-06-06,472MAL,5.152
2022-07-02,472MAL,4.424
2022-07-08,472MAL,5.395
2016-05-12,486PUP,0.81
2017-01-01,486PUP,1.376
2017-01-02,486PUP,1.579
2017-01-03,486PUP,1.565
2017-01-04,486PUP,1.201
2017-01-05,486PUP,1.022
2017-01-06,486PUP,0.88
2017-01-07,486PUP,1.048
2017-01-08,486PUP,1.074
2017-01-09,486PUP,1.276
2017-01-10,486PUP,0.96
2017-01-11,486PUP,1.143
2017-01-12,486PUP,2.13
2018-01-01,486PUP,1.869
2018-01-02,486PUP,1.887
2018-01-03,486PUP,0.901
2018-01-04,486PUP,1.236
2018-01-05,486PUP,1.088
2018-01-06,486PUP,0.993
2018-01-07,486PUP,0.974
2018-01-08,486PUP,0.985
2018-01-09,486PUP,0.964
2018-01-10,486PUP,1.297
2018-01-11,486PUP,1.403
2018-01-12,486PUP,2.157
2019-01-01,486PUP,1.87
2019-01-02,486PUP,1.684
2019-01-03,486PUP,1.578
2019-01-04,486PUP,1.625
2019-01-05,486PUP,1.076
2019-01-06,486PUP,0.857
2019-01-07,486PUP,1.233
2019-01-08,486PUP,1.006
2019-01-09,486PUP,0.864
2019-01-10,486PUP,0.953
2019-01-11,486PUP,1.596
2019-01-12,486PUP,1.866
2020-01-01,486PUP,1.727
2020-01-02,486PUP,1.561
2020-01-03,486PUP,1.399
2020-01-04,486PUP,0.979
2020-01-05,486PUP,1.008
2020-01-06,486PUP,0.964
2020-01-07,486PUP,1.047
2020-01-08,486PUP,1.167
2020-01-09,486PUP,0.891
2020-01-10,486PUP,0.859
2020-01-11,486PUP,0.969
2020-01-12,486PUP,1.842
2021-01-01,486PUP,1.688
2021-01-02,486PUP,1.672
2021-01-03,486PUP,0.885
2021-01-04,486PUP,1.045
2021-01-05,486PUP,1.006
2021-01-06,486PUP,1.032
2021-01-07,486PUP,0.784
2021-01-08,486PUP,1.064
2021-01-09,486PUP,0.76
2021-01-10,486PUP,0.427
2021-01-11,486PUP,0.806
2021-01-12,486PUP,0.811
2022-01-01,486PUP,1.621
2022-01-02,486PUP,1.636
2022-01-03,486PUP,1.98
2022-01-04,486PUP,1.154
2022-01-05,486PUP,1.2
2022-01-06,486PUP,0.843
2022-01-07,486PUP,1.176
2022-01-08,486PUP,0.963
2017-01-04,502WWU,2.816
2017-01-05,502WWU,3.139
2017-01-06,502WWU,2.966
2017-01-07,502WWU,2.024
2017-01-08,502WWU,3.064
2017-01-09,502WWU,2.7
2017-01-10,502WWU,2.803
2017-01-11,502WWU,2.986
2017-01-12,502WWU,3.173
2018-01-01,502WWU,3.572
2018-01-02,502WWU,2.615
2018-01-03,502WWU,2.572
2018-01-04,502WWU,2.58
2018-01-05,502WWU,2.666
2018-01-06,502WWU,2.823
2018-01-07,502WWU,2.748
2018-01-08,502WWU,2.541
2018-01-09,502WWU,2.982
2018-01-10,502WWU,2.988
2018-01-11,502WWU,2.794
2018-01-12,502WWU,2.812
2019-01-01,502WWU,3.008
2019-01-02,502WWU,2.886
2019-01-03,502WWU,2.727
2019-01-04,502WWU,3.64
2019-01-05,502WWU,3.686
2019-01-06,502WWU,3.754
2019-01-07,502WWU,4.499
2019-01-08,502WWU,3.572
2019-01-09,502WWU,3.819
2019-01-10,502WWU,3.594
2019-01-11,502WWU,3.615
2019-01-12,502WWU,4.294
2020-01-01,502WWU,4.353
2020-01-02,502WWU,4.31
2020-01-03,502WWU,3.681
2020-01-04,502WWU,2.188
2020-01-05,502WWU,3.001
2020-01-06,502WWU,1.968
2020-01-07,502WWU,3.138
2020-01-08,502WWU,3.435
2020-01-09,502WWU,2.795
2020-01-10,502WWU,2.437
2020-01-11,502WWU,2.067
2020-01-12,502WWU,3.981
2021-01-01,502WWU,4.033
2021-01-02,502WWU,4.238
2021-01-03,502WWU,1.991
2021-01-04,502WWU,2.394
2021-01-05,502WWU,3.381
2021-01-06,502WWU,3.459
2021-01-07,502WWU,3.321
2021-01-08,502WWU,3.435
2021-01-09,502WWU,3.227
2021-01-10,502WWU,2.469
2021-01-11,502WWU,2.831
2021-01-12,502WWU,1.993
2022-01-01,502WWU,3.576
2022-01-02,502WWU,3.939
2022-01-03,502WWU,2.16
2022-01-04,502WWU,2.424
2022-01-05,502WWU,3.73
2022-01-06,502WWU,3.593
2022-01-07,502WWU,4.647
2022-01-08,502WWU,3.738
2021-01-10,551YD8,0.866
2021-01-11,551YD8,1.204
2021-01-12,551YD8,1.827
2021-02-09,551YD8,1.585
2022-01-01,551YD8,2.02
2022-01-02,551YD8,1.751
2022-01-03,551YD8,1.714
2022-01-04,551YD8,1.289
2022-01-05,551YD8,0.659
2022-01-06,551YD8,1.056
2022-01-07,551YD8,0.718
2022-01-08,551YD8,0.724
2020-01-09,610T4M,0.358
2020-01-10,610T4M,1.169
2020-01-11,610T4M,1.143
2020-01-12,610T4M,1.15
2021-01-01,610T4M,1.134
2021-01-02,610T4M,1.223
2021-01-03,610T4M,1.283
2021-01-04,610T4M,1.231
2021-01-05,610T4M,0.973
2021-01-06,610T4M,0.559
2021-01-07,610T4M,0.712
2021-01-08,610T4M,0.717
2021-01-09,610T4M,0.469
2021-01-10,610T4M,0.84
2021-01-11,610T4M,0.948
2021-01-12,610T4M,0.931
2022-01-01,610T4M,0.558
2022-01-02,610T4M,1.321
2022-01-03,610T4M,0.836
2022-01-04,610T4M,0.687
2022-01-05,610T4M,1.939
2022-01-06,610T4M,1.936
2022-01-07,610T4M,2.008
2022-01-08,610T4M,1.93
16/01/2017,610T4M,1.484
16/01/2018,610T4M,1.447
16/01/2019,610T4M,1.597
16/01/2020,610T4M,1.211
16/02/2017,610T4M,1.317
16/02/2018,610T4M,1.36
16/02/2019,610T4M,1.27
16/02/2020,610T4M,1.559
16/03/2017,610T4M,0.718
16/03/2018,610T4M,0.61
16/03/2019,610T4M,1.433
16/03/2020,610T4M,1.079
16/04/2017,610T4M,0.686
16/04/2018,610T4M,0.581
16/04/2019,610T4M,0.787
16/04/2020,610T4M,0.936
16/05/2017,610T4M,0.665
16/05/2018,610T4M,0.59
16/05/2019,610T4M,1.026
16/05/2020,610T4M,0.631
16/06/2017,610T4M,0.573
16/06/2018,610T4M,0.546
16/06/2019,610T4M,0.945
16/06/2020,610T4M,0
16/07/2017,610T4M,0.804
16/07/2018,610T4M,0.654
16/07/2019,610T4M,0.539
16/07/2020,610T4M,0.359
16/08/2017,610T4M,0.715
16/08/2018,610T4M,0.709
16/08/2019,610T4M,0.852
16/08/2020,610T4M,0.338
16/09/2017,610T4M,1.146
16/09/2018,610T4M,0.66
16/09/2019,610T4M,0.525
16/10/2017,610T4M,1.009
16/10/2018,610T4M,1.099
16/10/2019,610T4M,1.199
16/11/2016,610T4M,1.311
16/11/2017,610T4M,1.187
16/11/2018,610T4M,1.138
16/11/2019,610T4M,1.38
16/12/2016,610T4M,1.402
16/12/2017,610T4M,1.313
16/12/2018,610T4M,1.505
16/12/2019,610T4M,1.18
2016-01-11,619FP2,0.501
2016-01-12,619FP2,1.332
2017-01-01,619FP2,1.275
2017-01-02,619FP2,0.191
2017-01-03,619FP2,0.626
2017-01-04,619FP2,1.369
2017-01-05,619FP2,1.996
2017-01-06,619FP2,2.379
2017-01-07,619FP2,1.988
2017-01-08,619FP2,1.88
2017-01-09,619FP2,0.226
2017-01-10,619FP2,0.724
2017-01-11,619FP2,0.744
2017-01-12,619FP2,0.945
2018-01-01,619FP2,0.654
2018-01-02,619FP2,0.219
2018-01-03,619FP2,1.602
2018-01-04,619FP2,0.301
2018-01-05,619FP2,0.478
2018-01-06,619FP2,0.208
2018-01-07,619FP2,0.215
2018-01-08,619FP2,0.499
2018-01-09,619FP2,0.215
2018-01-10,619FP2,0.217
2018-01-11,619FP2,0.835
2018-01-12,619FP2,0.767
2019-01-01,619FP2,0.213
2019-01-02,619FP2,0.592
2019-01-03,619FP2,0.211
2019-01-04,619FP2,0.496
2019-01-05,619FP2,0.214
2019-01-06,619FP2,0.213
2019-01-07,619FP2,0.214
2019-01-08,619FP2,1.897
2019-01-09,619FP2,0.246
2019-01-10,619FP2,0.215
2019-01-11,619FP2,0.216
2019-01-12,619FP2,1.162
2020-01-01,619FP2,0.947
2020-01-02,619FP2,0.18
2020-01-03,619FP2,0.04
2020-01-04,619FP2,0.266
2020-01-05,619FP2,0.209
2020-01-06,619FP2,0.205
2020-01-07,619FP2,0.209
2020-01-08,619FP2,0.208
2020-01-09,619FP2,0.218
2020-01-10,619FP2,0.262
2020-01-11,619FP2,0.461
2020-01-12,619FP2,0.217
2021-01-01,619FP2,0.216
2021-01-02,619FP2,0.18
2021-01-03,619FP2,0.57
2021-01-04,619FP2,0.496
2021-01-05,619FP2,0.187
2021-01-06,619FP2,0.239
2021-01-07,619FP2,0.508
2021-01-08,619FP2,0.183
2021-01-09,619FP2,0.185
2021-01-10,619FP2,0.188
2021-01-11,619FP2,0.191
2021-01-12,619FP2,1.933
2022-01-01,619FP2,1.372
2022-01-02,619FP2,0.645
2022-01-03,619FP2,0.481
2022-01-04,619FP2,1.181
2022-01-05,619FP2,0.623
2022-01-06,619FP2,0.637
2022-01-07,619FP2,0.602
2022-01-08,619FP2,0.516
2016-01-11,624PUK,0.402
2016-01-12,624PUK,0.342
2017-01-01,624PUK,0.358
2017-01-02,624PUK,0.396
2017-01-03,624PUK,0.378
2017-01-04,624PUK,1.642
2017-01-05,624PUK,0.488
2017-01-06,624PUK,0.495
2017-01-07,624PUK,2.098
2017-01-08,624PUK,0.498
2017-01-09,624PUK,0.533
2017-01-10,624PUK,2.008
2017-01-11,624PUK,1.87
2017-01-12,624PUK,0.49
2018-01-01,624PUK,0.484
2018-01-02,624PUK,0.492
2018-01-03,624PUK,0.53
2018-01-04,624PUK,0.578
2018-01-05,624PUK,0.97
2018-01-06,624PUK,1.769
2018-01-07,624PUK,1.635
2018-01-08,624PUK,1.694
2018-01-09,624PUK,0.633
2018-01-10,624PUK,0.697
2018-01-11,624PUK,0.536
2018-01-12,624PUK,0.581
2019-01-01,624PUK,0.694
2019-01-02,624PUK,0.533
2019-01-03,624PUK,0.479
2019-01-04,624PUK,0.625
2019-01-05,624PUK,0.585
2019-01-06,624PUK,0.519
2019-01-07,624PUK,0.628
2019-01-08,624PUK,0.742
2019-01-09,624PUK,0.652
2019-01-10,624PUK,0.468
2019-01-11,624PUK,0.522
2019-01-12,624PUK,0.449
2020-01-01,624PUK,0.567
2020-01-02,624PUK,0.475
2020-01-03,624PUK,0.447
2020-01-04,624PUK,0.706
2020-01-05,624PUK,0.693
2020-01-06,624PUK,0.519
2020-01-07,624PUK,0.458
2020-01-08,624PUK,0.601
2020-01-09,624PUK,0.646
2020-01-10,624PUK,0.693
2020-01-11,624PUK,0.516
2020-01-12,624PUK,0.489
2021-01-01,624PUK,0.594
2021-01-02,624PUK,0.563
2021-01-03,624PUK,0.582
2021-01-04,624PUK,0.511
2021-01-05,624PUK,0.488
2021-01-06,624PUK,0.62
2021-01-07,624PUK,0.522
2021-01-08,624PUK,0.509
2021-01-09,624PUK,0.53
2021-01-10,624PUK,0.507
2021-01-11,624PUK,0.693
2021-01-12,624PUK,0.513
2022-01-01,624PUK,0.508
2022-01-02,624PUK,0.465
2022-01-03,624PUK,0.471
2022-01-04,624PUK,0.453
2022-01-05,624PUK,0.447
2022-01-06,624PUK,0.41
2022-01-07,624PUK,0.451
2022-01-08,624PUK,0.379
2019-01-06,642DYT,4.394
2019-01-07,642DYT,4.531
2019-01-08,642DYT,4.732
2019-01-09,642DYT,4.21
2019-01-10,642DYT,4.286
2019-01-11,642DYT,5.45
2019-01-12,642DYT,3.724
2019-03-05,642DYT,3.502
2020-01-01,642DYT,3.143
2020-01-02,642DYT,3.204
2020-01-03,642DYT,2.997
2020-01-04,642DYT,3.811
2020-01-05,642DYT,4.538
2020-01-06,642DYT,4.717
2020-01-07,642DYT,4.939
2020-01-08,642DYT,4.756
2020-01-09,642DYT,3.833
2020-01-10,642DYT,4.258
2020-01-11,642DYT,2.677
2020-01-12,642DYT,2.729
2021-01-01,642DYT,4.9
2021-01-02,642DYT,4.578
2021-01-03,642DYT,3.437
2021-01-04,642DYT,5.038
2021-01-05,642DYT,4.52
2021-01-06,642DYT,4.982
2021-01-07,642DYT,3.853
2021-01-08,642DYT,4.865
2021-01-09,642DYT,4.592
2021-01-10,642DYT,4.69
2021-01-11,642DYT,2.868
2021-01-12,642DYT,2.691
2022-01-01,642DYT,5.69
2022-01-02,642DYT,4.773
2022-01-03,642DYT,3.918
2022-01-04,642DYT,5.001
2022-01-05,642DYT,5.584
2022-01-06,642DYT,5.756
2022-01-07,642DYT,5.534
2022-01-08,642DYT,5.447
2016-01-12,674GG6,1.38
2017-01-01,674GG6,1.305
2017-01-02,674GG6,0.426
2017-01-03,674GG6,0.497
2017-01-04,674GG6,1.606
2017-01-05,674GG6,1.755
2017-01-06,674GG6,1.69
2017-01-07,674GG6,1.71
2017-01-08,674GG6,1.749
2017-01-09,674GG6,1.619
2017-01-10,674GG6,1.59
2017-01-11,674GG6,0.524
2017-01-12,674GG6,1.336
2018-01-01,674GG6,1.437
2018-01-02,674GG6,1.035
2018-01-03,674GG6,1.291
2018-01-04,674GG6,0.88
2018-01-05,674GG6,1.694
2018-01-06,674GG6,1.651
2018-01-07,674GG6,3.004
2018-01-08,674GG6,2.974
2018-01-09,674GG6,3.516
2018-01-10,674GG6,2.518
2018-01-11,674GG6,1.208
2018-01-12,674GG6,1.234
2019-01-01,674GG6,1.343
2019-01-02,674GG6,1.256
2019-01-03,674GG6,1.515
2019-01-04,674GG6,2.261
2019-01-05,674GG6,3.676
2019-01-06,674GG6,2.945
2019-01-07,674GG6,2.844
2019-01-08,674GG6,3.313
2019-01-09,674GG6,2.655
2019-01-10,674GG6,2.27
2019-01-11,674GG6,1.147
2019-01-12,674GG6,1.638
2020-01-01,674GG6,1.473
2020-01-02,674GG6,1.307
2020-01-03,674GG6,2.493
2020-01-04,674GG6,2.665
2020-01-05,674GG6,2.869
2020-01-06,674GG6,2.735
2020-01-07,674GG6,2.964
2020-01-08,674GG6,2.773
2020-01-09,674GG6,2.741
2020-01-10,674GG6,2.586
2020-01-11,674GG6,1.183
2020-01-12,674GG6,2.225
2021-01-01,674GG6,2.496
2021-01-02,674GG6,2.823
2021-01-03,674GG6,1.193
2021-01-04,674GG6,2.894
2021-01-05,674GG6,2.729
2021-01-06,674GG6,3.094
2021-01-07,674GG6,2.643
2021-01-08,674GG6,2.753
2021-01-09,674GG6,2.727
2021-01-10,674GG6,2.636
2021-01-11,674GG6,1.038
2021-01-12,674GG6,1.261
2022-01-01,674GG6,2.977
2022-01-02,674GG6,2.671
2022-01-03,674GG6,1.107
2022-01-04,674GG6,2.861
2022-01-05,674GG6,3.733
2022-01-06,674GG6,3.054
2022-01-07,674GG6,3.341
2022-01-08,674GG6,2.474
2016-01-12,702FK5,0.523
2017-01-01,702FK5,0.855
2017-01-02,702FK5,0.626
2017-01-03,702FK5,0.609
2017-01-04,702FK5,0.585
2017-01-05,702FK5,0.556
2017-01-06,702FK5,0.668
2017-01-07,702FK5,0.55
2017-01-08,702FK5,0.61
2017-01-09,702FK5,0.6
2017-01-10,702FK5,0.65
2017-01-11,702FK5,1.32
2017-01-12,702FK5,0.701
2018-01-01,702FK5,0.636
2018-01-02,702FK5,1.344
2018-01-03,702FK5,1.449
2018-01-04,702FK5,0.666
2018-01-05,702FK5,0.658
2018-01-06,702FK5,1.16
2018-01-07,702FK5,0.607
2018-01-08,702FK5,0.601
2018-01-09,702FK5,0.557
2018-01-10,702FK5,1.096
2018-01-11,702FK5,1.199
2018-01-12,702FK5,1.231
2019-01-01,702FK5,1.395
2019-01-02,702FK5,1.456
2019-01-03,702FK5,1.371
2019-01-04,702FK5,1.518
2019-01-05,702FK5,0.635
2019-01-06,702FK5,0.568
2019-01-07,702FK5,0.561
2019-01-08,702FK5,0.498
2019-01-09,702FK5,0.59
2019-01-10,702FK5,1.076
2019-01-11,702FK5,1.22
2019-01-12,702FK5,1.2
2020-01-01,702FK5,1.26
2020-01-02,702FK5,1.21
2020-01-03,702FK5,1.202
2020-01-04,702FK5,0.462
2020-01-05,702FK5,0.486
2020-01-06,702FK5,0.518
2020-01-07,702FK5,0.571
2020-01-08,702FK5,0.634
2020-01-09,702FK5,0.614
2020-01-10,702FK5,1.114
2020-01-11,702FK5,0.964
2020-01-12,702FK5,0.56
2021-01-01,702FK5,0.604
2021-01-02,702FK5,0.441
2021-01-03,702FK5,0.035
2021-01-04,702FK5,0.013
2021-01-05,702FK5,0
2021-01-06,702FK5,0.008
2021-01-07,702FK5,0.35
2021-01-08,702FK5,0.533
2021-01-09,702FK5,0.502
2021-01-10,702FK5,0.827
2021-01-11,702FK5,1.019
2021-01-12,702FK5,1.022
2022-01-01,702FK5,1.168
2022-01-02,702FK5,1.37
2022-01-03,702FK5,1.491
2022-01-04,702FK5,0.864
2022-01-05,702FK5,0.811
2022-01-06,702FK5,0.872
2022-01-07,702FK5,0.681
2022-01-08,702FK5,1.027
2016-01-11,704EPC,0.547
2016-01-12,704EPC,0.467
2017-01-01,704EPC,0.555
2017-01-02,704EPC,0.471
2017-01-03,704EPC,0.651
2017-01-04,704EPC,0.528
2017-01-05,704EPC,0.613
2017-01-06,704EPC,0.63
2017-01-07,704EPC,0.71
2017-01-08,704EPC,0.684
2017-01-09,704EPC,0.752
2017-01-10,704EPC,0.77
2017-01-11,704EPC,0.654
2017-01-12,704EPC,0.63
2018-01-01,704EPC,0.677
2018-01-02,704EPC,0.866
2018-01-03,704EPC,0.719
2018-01-04,704EPC,0.759
2018-01-05,704EPC,0.704
2018-01-06,704EPC,0.963
2018-01-07,704EPC,0.729
2018-01-08,704EPC,0.698
2018-01-09,704EPC,0.83
2018-01-10,704EPC,0.795
2018-01-11,704EPC,0.82
2018-01-12,704EPC,0.758
2019-01-01,704EPC,0.662
2019-01-02,704EPC,0.544
2019-01-03,704EPC,0.614
2019-01-04,704EPC,0.94
2019-01-05,704EPC,0.713
2019-01-06,704EPC,0.758
2019-01-07,704EPC,0.639
2019-01-08,704EPC,0.671
2019-01-09,704EPC,0.685
2019-01-10,704EPC,0.725
2019-01-11,704EPC,0.699
2019-01-12,704EPC,0.705
2020-01-01,704EPC,0.765
2020-01-02,704EPC,0.618
2020-01-03,704EPC,0.674
2020-01-04,704EPC,0.835
2020-01-05,704EPC,0.708
2020-01-06,704EPC,0.684
2020-01-07,704EPC,0.938
2020-01-08,704EPC,0.871
2020-01-09,704EPC,0.741
2020-01-10,704EPC,0.938
2020-01-11,704EPC,0.603
2020-01-12,704EPC,0.577
2021-01-01,704EPC,0.546
2021-01-02,704EPC,0.578
2021-01-03,704EPC,0.962
2021-01-04,704EPC,0.698
2021-01-05,704EPC,1.06
2021-01-06,704EPC,0.715
2021-01-07,704EPC,0.762
2021-01-08,704EPC,0.811
2021-01-09,704EPC,1.033
2021-01-10,704EPC,0.961
2021-01-11,704EPC,0.623
2021-01-12,704EPC,0.719
2022-01-01,704EPC,0.887
2022-01-02,704EPC,0.862
2022-01-03,704EPC,0.547
2022-01-04,704EPC,0.827
2022-01-05,704EPC,0.82
2022-01-06,704EPC,0.812
2022-01-07,704EPC,0.98
2022-01-08,704EPC,0.888
2022-01-07,767HD4,3.011
2022-01-08,767HD4,2.924
26/01/2017,773FKC,1.346
26/01/2018,773FKC,1.164
26/01/2019,773FKC,0.877
26/01/2020,773FKC,1.48
26/01/2021,773FKC,2.15
26/01/2022,773FKC,0.509
26/02/2017,773FKC,1.29
26/02/2018,773FKC,1
26/02/2019,773FKC,0.923
26/02/2020,773FKC,1.234
26/02/2021,773FKC,1.553
26/02/2022,773FKC,0.454
26/03/2017,773FKC,1.43
26/03/2018,773FKC,0.904
26/03/2019,773FKC,1.063
26/03/2020,773FKC,1.193
26/03/2021,773FKC,1.874
26/03/2022,773FKC,1.446
26/04/2017,773FKC,1.435
26/04/2018,773FKC,0.823
26/04/2019,773FKC,0.818
26/04/2020,773FKC,1.254
26/04/2021,773FKC,2.265
26/04/2022,773FKC,1.739
26/05/2017,773FKC,1.702
26/05/2018,773FKC,0.878
26/05/2019,773FKC,0.826
26/05/2020,773FKC,1.03
26/05/2021,773FKC,2.344
26/05/2022,773FKC,1.931
26/06/2017,773FKC,1.564
26/06/2018,773FKC,0.81
26/06/2019,773FKC,0.777
26/06/2020,773FKC,0.823
26/06/2021,773FKC,2.244
26/06/2022,773FKC,2.343
26/07/2017,773FKC,1.56
26/07/2018,773FKC,2.195
26/07/2019,773FKC,1.346
26/07/2020,773FKC,1.258
26/07/2021,773FKC,2.186
26/07/2022,773FKC,1.921
26/08/2017,773FKC,0.655
26/08/2018,773FKC,0.843
26/08/2019,773FKC,1.075
26/08/2020,773FKC,1.114
26/08/2021,773FKC,1.828
26/09/2017,773FKC,0.642
26/09/2018,773FKC,1.53
26/09/2019,773FKC,1.136
26/09/2020,773FKC,1.234
26/09/2021,773FKC,1.712
26/10/2016,773FKC,1.421
26/10/2017,773FKC,1.29
26/10/2018,773FKC,0.724
26/10/2019,773FKC,2.25
26/10/2020,773FKC,1.094
26/10/2021,773FKC,1.312
26/11/2016,773FKC,1.542
26/11/2017,773FKC,1.638
26/11/2018,773FKC,0.612
26/11/2019,773FKC,1.472
26/11/2020,773FKC,1.273
26/11/2021,773FKC,0.585
26/12/2016,773FKC,1.52
26/12/2017,773FKC,1.739
26/12/2018,773FKC,0.826
26/12/2019,773FKC,1.648
26/12/2020,773FKC,1.631
26/12/2021,773FKC,0.844
2020-01-04,896H5H,2.234
2020-01-05,896H5H,2.568
2020-01-06,896H5H,2.345
2020-01-07,896H5H,2.475
2020-01-08,896H5H,2.484
2020-01-09,896H5H,2.316
2020-01-10,896H5H,2.153
2020-01-11,896H5H,1.334
2020-01-12,896H5H,2.157
2020-04-03,896H5H,2.132
2021-01-01,896H5H,2.021
2021-01-02,896H5H,2.349
2021-01-03,896H5H,1.346
2021-01-04,896H5H,2.382
2021-01-05,896H5H,2.393
2021-01-06,896H5H,2.567
2021-01-07,896H5H,2.701
2021-01-08,896H5H,2.495
2021-01-09,896H5H,2.592
2021-01-10,896H5H,2.357
2021-01-11,896H5H,1.388
2021-01-12,896H5H,1.784
2022-01-01,896H5H,2.589
2022-01-02,896H5H,2.884
2022-01-03,896H5H,1.671
2022-01-04,896H5H,2.169
2022-01-05,896H5H,2.54
2022-01-06,896H5H,2.523
2022-01-07,896H5H,2.565
2022-01-08,896H5H,2.5
2016-01-11,928DCJ,0
2016-01-12,928DCJ,0
2017-01-01,928DCJ,0
2017-01-02,928DCJ,0
2017-01-03,928DCJ,0
2017-01-04,928DCJ,0
2017-01-05,928DCJ,0
2017-01-06,928DCJ,0
2017-01-07,928DCJ,0
2017-01-08,928DCJ,0
2017-01-09,928DCJ,0
2017-01-10,928DCJ,0
2017-01-11,928DCJ,0
2017-01-12,928DCJ,0
2018-01-01,928DCJ,0
2018-01-02,928DCJ,0
2018-01-03,928DCJ,0
2018-01-04,928DCJ,0
2018-01-05,928DCJ,0
2018-01-06,928DCJ,0.633
2018-01-07,928DCJ,0.758
2018-01-08,928DCJ,0.589
2018-01-09,928DCJ,1.251
2018-01-10,928DCJ,0.007
2018-01-11,928DCJ,0.001
2018-01-12,928DCJ,0
2019-01-01,928DCJ,1.286
2019-01-02,928DCJ,1.257
2019-01-03,928DCJ,1.285
2019-01-04,928DCJ,1.176
2019-01-05,928DCJ,0.384
2019-01-06,928DCJ,0.565
2019-01-07,928DCJ,0.642
2019-01-08,928DCJ,0.57
2019-01-09,928DCJ,0.512
2019-01-10,928DCJ,0.586
2019-01-11,928DCJ,0.492
2019-01-12,928DCJ,1.083
2020-01-01,928DCJ,1.631
2020-01-02,928DCJ,1.951
2020-01-03,928DCJ,1.148
2020-01-04,928DCJ,1.753
2020-01-05,928DCJ,1.676
2020-01-06,928DCJ,1.925
2020-01-07,928DCJ,1.835
2020-01-08,928DCJ,2.191
2020-01-09,928DCJ,1.72
2020-01-10,928DCJ,1.773
2020-01-11,928DCJ,1.777
2020-01-12,928DCJ,2.213
2021-01-01,928DCJ,2.954
2021-01-02,928DCJ,2.897
2021-01-03,928DCJ,1.501
2021-01-04,928DCJ,1.671
2021-01-05,928DCJ,1.723
2021-01-06,928DCJ,1.754
2021-01-07,928DCJ,1.817
2021-01-08,928DCJ,2.212
2021-01-09,928DCJ,1.682
2021-01-10,928DCJ,1.561
2021-01-11,928DCJ,1.326
2021-01-12,928DCJ,1.1
2022-01-01,928DCJ,1.548
2022-01-02,928DCJ,1.737
2022-01-03,928DCJ,1.327
2022-01-04,928DCJ,0.979
2022-01-05,928DCJ,1.456
2022-01-06,928DCJ,1.068
2022-01-07,928DCJ,1.791
2022-01-08,928DCJ,2.229
2016-01-11,935HPT,0.919
2016-01-12,935HPT,0.564
2017-01-01,935HPT,0.55
2017-01-02,935HPT,0.914
2017-01-03,935HPT,1.324
2017-01-04,935HPT,1.025
2017-01-05,935HPT,1.245
2017-01-06,935HPT,1.267
2017-01-07,935HPT,1.156
2017-01-08,935HPT,1.265
2017-01-09,935HPT,1.183
2017-01-10,935HPT,1.038
2017-01-11,935HPT,1.254
2017-01-12,935HPT,1.209
2018-01-01,935HPT,1.032
2018-01-02,935HPT,1.041
2018-01-03,935HPT,1.198
2018-01-04,935HPT,1.43
2018-01-05,935HPT,1.371
2018-01-06,935HPT,1.342
2018-01-07,935HPT,1.276
2018-01-08,935HPT,1.764
2018-01-09,935HPT,1.361
2018-01-10,935HPT,1.548
2018-01-11,935HPT,1.251
2018-01-12,935HPT,1.119
2019-01-01,935HPT,1.009
2019-01-02,935HPT,1.309
2019-01-03,935HPT,0.948
2019-01-04,935HPT,1.356
2019-01-05,935HPT,1.35
2019-01-06,935HPT,1.328
2019-01-07,935HPT,1.438
2019-01-08,935HPT,1.437
2019-01-09,935HPT,1.282
2019-01-10,935HPT,1.347
2019-01-11,935HPT,1.284
2019-01-12,935HPT,1.291
2020-01-01,935HPT,1.013
2020-01-02,935HPT,1.38
2020-01-03,935HPT,1.452
2020-01-04,935HPT,1.559
2020-01-05,935HPT,2.058
2020-01-06,935HPT,1.56
2020-01-07,935HPT,1.712
2020-01-08,935HPT,1.832
2020-01-09,935HPT,1.56
2020-01-10,935HPT,1.399
2020-01-11,935HPT,1.185
2020-01-12,935HPT,1.823
2021-01-01,935HPT,1.056
2021-01-02,935HPT,1.458
2021-01-03,935HPT,1.218
2021-01-04,935HPT,1.424
2021-01-05,935HPT,1.826
2021-01-06,935HPT,1.39
2021-01-07,935HPT,1.397
2021-01-08,935HPT,1.525
2021-01-09,935HPT,1.654
2021-01-10,935HPT,1.49
2021-01-11,935HPT,1.43
2021-01-12,935HPT,1.236
2022-01-01,935HPT,2.224
2022-01-02,935HPT,2.474
2022-01-03,935HPT,1.788
2022-01-04,935HPT,1.852
2022-01-05,935HPT,1.527
2022-01-06,935HPT,1.635
2022-01-07,935HPT,1.745
2022-01-08,935HPT,1.752
2017-01-12,F290EN,0
2018-01-01,F290EN,0
2018-01-02,F290EN,0
2018-01-03,F290EN,1.036
2018-01-04,F290EN,1.317
2018-01-05,F290EN,1.158
2018-01-06,F290EN,1.151
2018-01-07,F290EN,1.177
2018-01-08,F290EN,0.356
2018-01-09,F290EN,1.658
2018-01-10,F290EN,1.474
2018-01-11,F290EN,0.399
2018-01-12,F290EN,0.33
2019-01-01,F290EN,0.722
2019-01-02,F290EN,0.368
2019-01-03,F290EN,0.439
2019-01-04,F290EN,1.017
2019-01-05,F290EN,0.998
2019-01-06,F290EN,0.935
2019-01-07,F290EN,0.603
2019-01-08,F290EN,0.622
2019-01-09,F290EN,0.739
2019-01-10,F290EN,0.585
2019-01-11,F290EN,0.647
2019-01-12,F290EN,0.629
2020-01-01,F290EN,0.902
2020-01-02,F290EN,0.366
2020-01-03,F290EN,0.5
2020-01-04,F290EN,0.869
2020-01-05,F290EN,0.686
2020-01-06,F290EN,0.73
2020-01-07,F290EN,0.721
2020-01-08,F290EN,0.945
2020-01-09,F290EN,0.462
2020-01-10,F290EN,0.44
2020-01-11,F290EN,0.373
2020-01-12,F290EN,0.244
2021-01-01,F290EN,0.375
2021-01-02,F290EN,2.747
2021-01-03,F290EN,0.445
2021-01-04,F290EN,0.755
2021-01-05,F290EN,0.667
2021-01-06,F290EN,0.839
2021-01-07,F290EN,0.908
2021-01-08,F290EN,0.579
2021-01-09,F290EN,0.513
2021-01-10,F290EN,0.876
2021-01-11,F290EN,0.773
2021-01-12,F290EN,0.814
2022-01-01,F290EN,2.761
2022-01-02,F290EN,2.618
2022-01-03,F290EN,0.325
2022-01-04,F290EN,0.364
2022-01-05,F290EN,0.365
2022-01-06,F290EN,0.29
2022-01-07,F290EN,0.317
2022-01-08,F290EN,0.364
15/11/2017,F290EN,0
2017-01-11,F359EF,1.414
2017-01-12,F359EF,1.765
2018-01-01,F359EF,1.776
2018-01-02,F359EF,1.021
2018-01-03,F359EF,1.097
2018-01-04,F359EF,0.699
2018-01-05,F359EF,0.666
2018-01-06,F359EF,0.759
2018-01-07,F359EF,0.857
2018-01-08,F359EF,0.576
2018-01-09,F359EF,0.846
2018-01-10,F359EF,1.001
2018-01-11,F359EF,0.555
2018-01-12,F359EF,0.829
2019-01-01,F359EF,0.66
2019-01-02,F359EF,0.676
2019-01-03,F359EF,0.681
2019-01-04,F359EF,1.184
2019-01-05,F359EF,0.61
2019-01-06,F359EF,0.584
2019-01-07,F359EF,0.703
2019-01-08,F359EF,0.884
2019-01-09,F359EF,1.062
2019-01-10,F359EF,1.24
2019-01-11,F359EF,0.975
2019-01-12,F359EF,0.93
2020-01-01,F359EF,0.891
2020-01-02,F359EF,1.378
2020-01-03,F359EF,0.898
2020-01-04,F359EF,0.901
2020-01-05,F359EF,1.139
2020-01-06,F359EF,0.851
2020-01-07,F359EF,0.853
2020-01-08,F359EF,1.035
2020-01-09,F359EF,1.248
2020-01-10,F359EF,0.776
2020-01-11,F359EF,0.906
2020-01-12,F359EF,0.695
2021-01-01,F359EF,0.703
2021-01-02,F359EF,0.681
2021-01-03,F359EF,0.677
2021-01-04,F359EF,0.681
2021-01-05,F359EF,0.736
2021-01-06,F359EF,0.726
2021-01-07,F359EF,0.754
2021-01-08,F359EF,0.802
2021-01-09,F359EF,0.768
2021-01-10,F359EF,0.745
2021-01-11,F359EF,0.688
2021-01-12,F359EF,0.589
2022-01-01,F359EF,0.561
2022-01-02,F359EF,0.568
2022-01-03,F359EF,0.594
2022-01-04,F359EF,1.458
2022-01-05,F359EF,1.12
2022-01-06,F359EF,0.852
2022-01-07,F359EF,0.886
2022-01-08,F359EF,0.928
20/10/2017,F359EF,1.089
2018-01-03,F374RC,1.206
2018-01-04,F374RC,1.071
2018-01-05,F374RC,1.124
2018-01-06,F374RC,1.492
2018-01-07,F374RC,1.107
2018-01-08,F374RC,1.466
2018-01-09,F374RC,1.736
2018-01-10,F374RC,2.048
2018-01-11,F374RC,1.637
2018-01-12,F374RC,1.357
2018-07-02,F374RC,0.957
2019-01-01,F374RC,1.248
2019-01-02,F374RC,1.128
2019-01-03,F374RC,1.337
2019-01-04,F374RC,1.268
2019-01-05,F374RC,1.805
2019-01-06,F374RC,1.793
2019-01-07,F374RC,1.746
2019-01-08,F374RC,1.747
2019-01-09,F374RC,1.426
2019-01-10,F374RC,1.582
2019-01-11,F374RC,1.203
2019-01-12,F374RC,1.317
2020-01-01,F374RC,1.054
2020-01-02,F374RC,1.251
2020-01-03,F374RC,1.628
2020-01-04,F374RC,1.603
2020-01-05,F374RC,1.988
2020-01-06,F374RC,1.815
2020-01-07,F374RC,1.81
2020-01-08,F374RC,1.729
2020-01-09,F374RC,1.777
2020-01-10,F374RC,1.226
2020-01-11,F374RC,1.203
2020-01-12,F374RC,1.214
2021-01-01,F374RC,1.179
2021-01-02,F374RC,1.127
2021-01-03,F374RC,1.302
2021-01-04,F374RC,0.456
2021-01-05,F374RC,0.451
2021-01-06,F374RC,0.52
2021-01-07,F374RC,0.465
2021-01-08,F374RC,0.671
2021-01-09,F374RC,0.632
2021-01-10,F374RC,0.725
2021-01-11,F374RC,0.647
2021-01-12,F374RC,0.598
2022-01-01,F374RC,0.32
2022-01-02,F374RC,0.611
2022-01-03,F374RC,0.587
2022-01-04,F374RC,0.579
2022-01-05,F374RC,0.295
2022-01-06,F374RC,0.03
2022-01-07,F374RC,1.794
2022-01-08,F374RC,1.899
19/01/2018,F374RC,0
2018-01-02,F641EV,1.465
2018-01-03,F641EV,1.742
2018-01-04,F641EV,0.678
2018-01-05,F641EV,0.823
2018-01-06,F641EV,0.626
2018-01-07,F641EV,1.135
2018-01-08,F641EV,0.781
2018-01-09,F641EV,1.261
2018-01-10,F641EV,1.387
2018-01-11,F641EV,1.537
2018-01-12,F641EV,1.8
2019-01-01,F641EV,1.437
2019-01-02,F641EV,1.547
2019-01-03,F641EV,3.057
2019-01-04,F641EV,1.243
2019-01-05,F641EV,1.38
2019-01-06,F641EV,0.703
2019-01-07,F641EV,0.848
2019-01-08,F641EV,0.738
2019-01-09,F641EV,0.97
2019-01-10,F641EV,0.867
2019-01-11,F641EV,0.952
2019-01-12,F641EV,2.133
2020-01-01,F641EV,1.498
2020-01-02,F641EV,2.354
2020-01-03,F641EV,1.418
2020-01-04,F641EV,0.475
2020-01-05,F641EV,0.588
2020-01-06,F641EV,0.6
2020-01-07,F641EV,0.863
2020-01-08,F641EV,0.699
2020-01-09,F641EV,0.734
2020-01-10,F641EV,1.637
2020-01-11,F641EV,1.501
2020-01-12,F641EV,1.564
2021-01-01,F641EV,1.415
2021-01-02,F641EV,1.565
2021-01-03,F641EV,1.394
2021-01-04,F641EV,1.111
2021-01-05,F641EV,0.614
2021-01-06,F641EV,0.731
2021-01-07,F641EV,0.834
2021-01-08,F641EV,0.924
2021-01-09,F641EV,0.661
2021-01-10,F641EV,0.889
2021-01-11,F641EV,1.288
2021-01-12,F641EV,1.372
2022-01-01,F641EV,1.493
2022-01-02,F641EV,1.536
2022-01-03,F641EV,1.422
2022-01-04,F641EV,1.161
2022-01-05,F641EV,0.706
2022-01-06,F641EV,0.743
2022-01-07,F641EV,1.396
2022-01-08,F641EV,0.962
13/01/2018,F641EV,1.692
2018-01-03,G913TH,1.659
2018-01-04,G913TH,1.808
2018-01-05,G913TH,1.969
2018-01-06,G913TH,1.903
2018-01-07,G913TH,1.908
2018-01-08,G913TH,1.908
2018-01-09,G913TH,1.857
2018-01-10,G913TH,1.93
2018-01-11,G913TH,1.194
2018-01-12,G913TH,0.351
2018-09-02,G913TH,0.523
2019-01-01,G913TH,0.484
2019-01-02,G913TH,0.355
2019-01-03,G913TH,1.609
2019-01-04,G913TH,1.634
2019-01-05,G913TH,1.793
2019-01-06,G913TH,1.855
2019-01-07,G913TH,1.856
2019-01-08,G913TH,1.979
2019-01-09,G913TH,1.663
2019-01-10,G913TH,1.673
2019-01-11,G913TH,1.2
2019-01-12,G913TH,0.42
2020-01-01,G913TH,0.591
2020-01-02,G913TH,0.454
2020-01-03,G913TH,1.61
2020-01-04,G913TH,1.805
2020-01-05,G913TH,1.927
2020-01-06,G913TH,1.784
2020-01-07,G913TH,1.927
2020-01-08,G913TH,1.857
2020-01-09,G913TH,1.644
2020-01-10,G913TH,1.358
2020-01-11,G913TH,0.389
2020-01-12,G913TH,0.683
2021-01-01,G913TH,0.734
2021-01-02,G913TH,0.665
2021-01-03,G913TH,1.249
2021-01-04,G913TH,1.724
2021-01-05,G913TH,1.771
2021-01-06,G913TH,1.896
2021-01-07,G913TH,2.024
2021-01-08,G913TH,1.898
2021-01-09,G913TH,0.556
2021-01-10,G913TH,0.995
2021-01-11,G913TH,0.835
2021-01-12,G913TH,2.272
2022-01-01,G913TH,2.248
2022-01-02,G913TH,1.019
2022-01-03,G913TH,0.673
2022-01-04,G913TH,0.603
2022-01-05,G913TH,0.732
2022-01-06,G913TH,1.68
2022-01-07,G913TH,1.736
2022-01-08,G913TH,1.455
2017-04-12,G982UY,2.169
2018-01-01,G982UY,2.103
2018-01-02,G982UY,1.355
2018-01-03,G982UY,1.062
2018-01-04,G982UY,2.13
2018-01-05,G982UY,2.334
2018-01-06,G982UY,2.557
2018-01-07,G982UY,2.569
2018-01-08,G982UY,2.561
2018-01-09,G982UY,2.364
2018-01-10,G982UY,2.241
2018-01-11,G982UY,1.09
2018-01-12,G982UY,1.168
2019-01-01,G982UY,0.972
2019-01-02,G982UY,0.876
2019-01-03,G982UY,1.016
2019-01-04,G982UY,2.024
2019-01-05,G982UY,2.291
2019-01-06,G982UY,2.424
2019-01-07,G982UY,2.473
2019-01-08,G982UY,2.499
2019-01-09,G982UY,2.249
2019-01-10,G982UY,2.238
2019-01-11,G982UY,1.024
2019-01-12,G982UY,0.963
2020-01-01,G982UY,0.938
2020-01-02,G982UY,1.095
2020-01-03,G982UY,1.911
2020-01-04,G982UY,2.314
2020-01-05,G982UY,2.265
2020-01-06,G982UY,2.524
2020-01-07,G982UY,2.337
2020-01-08,G982UY,2.228
2020-01-09,G982UY,2.145
2020-01-10,G982UY,2.098
2020-01-11,G982UY,1.429
2020-01-12,G982UY,1.071
2021-01-01,G982UY,1.43
2021-01-02,G982UY,1.758
2021-01-03,G982UY,1.072
2021-01-04,G982UY,2.171
2021-01-05,G982UY,2.592
2021-01-06,G982UY,2.298
2021-01-07,G982UY,2.197
2021-01-08,G982UY,2.405
2021-01-09,G982UY,2.374
2021-01-10,G982UY,2.068
2021-01-11,G982UY,1.105
2021-01-12,G982UY,1.08
2022-01-01,G982UY,0.901
2022-01-02,G982UY,1.739
2022-01-03,G982UY,0.905
2022-01-04,G982UY,2.205
2022-01-05,G982UY,2.263
2022-01-06,G982UY,2.375
2022-01-07,G982UY,2.312
2022-01-08,G982UY,2.326
2020-01-11,GD913K,1.255
2020-01-12,GD913K,1.044
2020-06-10,GD913K,1.779
2021-01-01,GD913K,1.437
2021-01-02,GD913K,0
2021-01-03,GD913K,1.342
2021-01-04,GD913K,1.553
2021-01-05,GD913K,1.539
2021-01-06,GD913K,1.509
2021-01-07,GD913K,1.501
2021-01-08,GD913K,1.557
2021-01-09,GD913K,1.533
2021-01-10,GD913K,1.332
2021-01-11,GD913K,1.412
2021-01-12,GD913K,1.48
2022-01-01,GD913K,1.885
2022-01-02,GD913K,1.374
2022-01-03,GD913K,1.433
2022-01-04,GD913K,1.553
2022-01-05,GD913K,1.643
2022-01-06,GD913K,1.623
2022-01-07,GD913K,1.543
2022-01-08,GD913K,1.484
2018-01-06,H152GC,1.973
2018-01-07,H152GC,1.876
2018-01-08,H152GC,2
2018-01-09,H152GC,0.912
2018-01-10,H152GC,0.984
2018-01-11,H152GC,1.143
2018-01-12,H152GC,1.459
2018-07-05,H152GC,1.779
2019-01-01,H152GC,1.438
2019-01-02,H152GC,1.117
2019-01-03,H152GC,1.355
2019-01-04,H152GC,1.443
2019-01-05,H152GC,1.404
2019-01-06,H152GC,1.35
2019-01-07,H152GC,1.253
2019-01-08,H152GC,1.316
2019-01-09,H152GC,0.962
2019-01-10,H152GC,0.93
2019-01-11,H152GC,1.644
2019-01-12,H152GC,1.389
2020-01-01,H152GC,1.337
2020-01-02,H152GC,1.471
2020-01-03,H152GC,1.273
2020-01-04,H152GC,1.323
2020-01-05,H152GC,0.878
2020-01-06,H152GC,0.759
2020-01-07,H152GC,0
2020-01-08,H152GC,0.615
2020-01-09,H152GC,0.716
2020-01-10,H152GC,1.129
2020-01-11,H152GC,1.277
2020-01-12,H152GC,1.343
2021-01-01,H152GC,1.226
2021-01-02,H152GC,1.402
2021-01-03,H152GC,1.127
2021-01-04,H152GC,1.093
2021-01-05,H152GC,0.697
2021-01-06,H152GC,0.737
2021-01-07,H152GC,0.651
2021-01-08,H152GC,0.509
2021-01-09,H152GC,0.491
2021-01-10,H152GC,0.441
2021-01-11,H152GC,1.031
2021-01-12,H152GC,0.322
2022-01-01,H152GC,1.144
2022-01-02,H152GC,1.124
2022-01-03,H152GC,1.22
2022-01-04,H152GC,0.403
2022-01-05,H152GC,0.335
2022-01-06,H152GC,0.343
2022-01-07,H152GC,0.294
2022-01-08,H152GC,0.302
2020-01-09,H666MV,1.414
2020-01-10,H666MV,1.729
2020-01-11,H666MV,2.12
2020-01-12,H666MV,2.086
2021-01-01,H666MV,2.141
2021-01-02,H666MV,1.812
2021-01-03,H666MV,1.707
2021-01-04,H666MV,1.891
2021-01-05,H666MV,2.23
2021-01-06,H666MV,1.833
2021-01-07,H666MV,1.944
2021-01-08,H666MV,2.051
2021-01-09,H666MV,2.115
2021-01-10,H666MV,1.845
2021-01-11,H666MV,2.037
2021-01-12,H666MV,2.214
2022-01-01,H666MV,1.364
2022-01-02,H666MV,1.26
2022-01-03,H666MV,1.744
2022-01-04,H666MV,1.476
2022-01-05,H666MV,1.332
2022-01-06,H666MV,1.808
2022-01-07,H666MV,1.912
2022-01-08,H666MV,2.585
2018-01-02,J061DN,6.003
2018-01-03,J061DN,3.82
2018-01-04,J061DN,4.398
2018-01-05,J061DN,4.069
2018-01-06,J061DN,3.87
2018-01-07,J061DN,3.448
2018-01-08,J061DN,3.897
2018-01-09,J061DN,3.733
2018-01-10,J061DN,3.148
2018-01-11,J061DN,5.208
2018-01-12,J061DN,4.645
2019-01-01,J061DN,5.161
2019-01-02,J061DN,4.49
2019-01-03,J061DN,5.107
2019-01-04,J061DN,3.694
2019-01-05,J061DN,3.787
2019-01-06,J061DN,4.851
2019-01-07,J061DN,2.67
2019-01-08,J061DN,3.636
2019-01-09,J061DN,3.286
2019-01-10,J061DN,3.644
2019-01-11,J061DN,6.028
2019-01-12,J061DN,6.04
2020-01-01,J061DN,5.311
2020-01-02,J061DN,6.249
2020-01-03,J061DN,4.349
2020-01-04,J061DN,3.635
2020-01-05,J061DN,2.986
2020-01-06,J061DN,3.118
2020-01-07,J061DN,3.162
2020-01-08,J061DN,2.246
2020-01-09,J061DN,1.322
2020-01-10,J061DN,1.521
2020-01-11,J061DN,2.443
2020-01-12,J061DN,4.534
2021-01-01,J061DN,5.49
2021-01-02,J061DN,3.863
2021-01-03,J061DN,2.792
2021-01-04,J061DN,0.18
2021-01-05,J061DN,0.61
2021-01-06,J061DN,0.716
2021-01-07,J061DN,0.287
2021-01-08,J061DN,0.536
2021-01-09,J061DN,0.324
2021-01-10,J061DN,0.469
2021-01-11,J061DN,0.091
2021-01-12,J061DN,0.036
2022-01-01,J061DN,0.174
2022-01-02,J061DN,1.804
2022-01-03,J061DN,0.341
2022-01-04,J061DN,0.399
2022-01-05,J061DN,1.217
2022-01-06,J061DN,1.86
2022-01-07,J061DN,1.037
2022-01-08,J061DN,1.138
19/01/2018,J061DN,4.416
2017-01-12,J185DD,3.018
2018-01-01,J185DD,2.977
2018-01-02,J185DD,3.13
2018-01-03,J185DD,3.037
2018-01-04,J185DD,3.158
2018-01-05,J185DD,2.72
2018-01-06,J185DD,2.768
2018-01-07,J185DD,2.961
2018-01-08,J185DD,2.685
2018-01-09,J185DD,2.716
2018-01-10,J185DD,2.643
2018-01-11,J185DD,2.801
2018-01-12,J185DD,2.652
2019-01-01,J185DD,2.873
2019-01-02,J185DD,3.045
2019-01-03,J185DD,2.895
2019-01-04,J185DD,2.849
2019-01-05,J185DD,2.632
2019-01-06,J185DD,2.634
2019-01-07,J185DD,3.959
2019-01-08,J185DD,4.034
2019-01-09,J185DD,2.868
2019-01-10,J185DD,2.871
2019-01-11,J185DD,3.088
2019-01-12,J185DD,2.884
2020-01-01,J185DD,2.859
2020-01-02,J185DD,2.948
2020-01-03,J185DD,3.222
2020-01-04,J185DD,3.115
2020-01-05,J185DD,4.375
2020-01-06,J185DD,4.626
2020-01-07,J185DD,4.437
2020-01-08,J185DD,3.626
2020-01-09,J185DD,3.269
2020-01-10,J185DD,3.058
2020-01-11,J185DD,2.93
2020-01-12,J185DD,3.379
2021-01-01,J185DD,3.763
2021-01-02,J185DD,4.81
2021-01-03,J185DD,3.305
2021-01-04,J185DD,3.826
2021-01-05,J185DD,3.712
2021-01-06,J185DD,4.194
2021-01-07,J185DD,4.916
2021-01-08,J185DD,5.378
2021-01-09,J185DD,5.51
2021-01-10,J185DD,3.323
2021-01-11,J185DD,3.236
2021-01-12,J185DD,3.065
2022-01-01,J185DD,3.752
2022-01-02,J185DD,4.048
2022-01-03,J185DD,3.285
2022-01-04,J185DD,3.246
2022-01-05,J185DD,3.129
2022-01-06,J185DD,4.129
2022-01-07,J185DD,3.521
2022-01-08,J185DD,3.885
30/11/2017,J185DD,1.909
2019-01-12,M313HB,2.201
2020-01-01,M313HB,1.397
2020-01-02,M313HB,1.436
2020-01-03,M313HB,1.489
2020-01-04,M313HB,1.111
2020-01-05,M313HB,1.234
2020-01-06,M313HB,0.993
2020-01-07,M313HB,0.875
2020-01-08,M313HB,0.897
2020-01-09,M313HB,1.394
2020-01-10,M313HB,1.011
2020-01-11,M313HB,0.524
2020-01-12,M313HB,0.649
2021-01-01,M313HB,0.031
2021-01-02,M313HB,0.03
2021-01-03,M313HB,0.108
2021-01-04,M313HB,0.13
2021-01-05,M313HB,0.102
2021-01-06,M313HB,0.028
2021-01-07,M313HB,0.028
2021-01-08,M313HB,0.027
2021-01-09,M313HB,0.028
2021-01-10,M313HB,0.028
2021-01-11,M313HB,0.007
2021-01-12,M313HB,0.008
2022-01-01,M313HB,0.038
2022-01-02,M313HB,0.038
2022-01-03,M313HB,0.038
2022-01-04,M313HB,0.036
2022-01-05,M313HB,0.035
2022-01-06,M313HB,0.034
2022-01-07,M313HB,0.014
2022-01-08,M313HB,0.014
2018-01-08,M581MD,1.299
2018-01-09,M581MD,1.109
2018-01-10,M581MD,1.125
2018-01-11,M581MD,1.233
2018-01-12,M581MD,1.079
2018-05-07,M581MD,1.587
2019-01-01,M581MD,1.64
2019-01-02,M581MD,1.343
2019-01-03,M581MD,1.145
2019-01-04,M581MD,1.056
2019-01-05,M581MD,1.231
2019-01-06,M581MD,1.133
2019-01-07,M581MD,1.586
2019-01-08,M581MD,1.617
2019-01-09,M581MD,1.253
2019-01-10,M581MD,1.504
2019-01-11,M581MD,1.518
2019-01-12,M581MD,1.239
2020-01-01,M581MD,0.916
2020-01-02,M581MD,1.039
2020-01-03,M581MD,1.339
2020-01-04,M581MD,1.43
2020-01-05,M581MD,1.15
2020-01-06,M581MD,1.187
2020-01-07,M581MD,1.561
2020-01-08,M581MD,1.35
2020-01-09,M581MD,1.179
2020-01-10,M581MD,1.245
2020-01-11,M581MD,0.912
2020-01-12,M581MD,1.143
2021-01-01,M581MD,1.026
2021-01-02,M581MD,1.296
2021-01-03,M581MD,0.99
2021-01-04,M581MD,1.255
2021-01-05,M581MD,1.213
2021-01-06,M581MD,1.107
2021-01-07,M581MD,1.622
2021-01-08,M581MD,1.571
2021-01-09,M581MD,1.38
2021-01-10,M581MD,1.429
2021-01-11,M581MD,1.073
2021-01-12,M581MD,0.981
2022-01-01,M581MD,1.429
2022-01-02,M581MD,2.214
2022-01-03,M581MD,1.525
2022-01-04,M581MD,2.239
2022-01-05,M581MD,2.406
2022-01-06,M581MD,2.328
2022-01-07,M581MD,2.248
2022-01-08,M581MD,3.212
2020-01-01,M974HA,1.532
2020-01-02,M974HA,1.447
2020-01-03,M974HA,0.73
2020-01-04,M974HA,0.648
2020-01-05,M974HA,0.518
2020-01-06,M974HA,0.524
2020-01-07,M974HA,0.536
2020-01-08,M974HA,0.409
2020-01-09,M974HA,0.33
2020-01-10,M974HA,0.546
2020-01-11,M974HA,0.453
2020-01-12,M974HA,0.423
2021-01-01,M974HA,1.127
2021-01-02,M974HA,0.289
2021-01-03,M974HA,0.368
2021-01-04,M974HA,0.4
2021-01-05,M974HA,0.474
2021-01-06,M974HA,0.385
2021-01-07,M974HA,0.537
2021-01-08,M974HA,0.648
2021-01-09,M974HA,0.437
2021-01-10,M974HA,0.214
2021-01-11,M974HA,0.699
2021-01-12,M974HA,0.827
2022-01-01,M974HA,0
2022-01-02,M974HA,0
2022-01-03,M974HA,0
2022-01-04,M974HA,0
2022-01-05,M974HA,0
2022-01-06,M974HA,0
2022-01-07,M974HA,0
2022-01-08,M974HA,0
2019-01-12,N082BJ,0.388
2020-01-01,N082BJ,0.448
2020-01-02,N082BJ,1.767
2020-01-03,N082BJ,1.708
2020-01-04,N082BJ,3.939
2020-01-05,N082BJ,4.613
2020-01-06,N082BJ,3.02
2020-01-07,N082BJ,3.188
2020-01-08,N082BJ,3.473
2020-01-09,N082BJ,2.653
2020-01-10,N082BJ,2.588
2020-01-11,N082BJ,0.868
2020-01-12,N082BJ,0.657
2021-01-01,N082BJ,1.416
2021-01-02,N082BJ,2.515
2021-01-03,N082BJ,1.4
2021-01-04,N082BJ,2.611
2021-01-05,N082BJ,2.639
2021-01-06,N082BJ,2.836
2021-01-07,N082BJ,2.435
2021-01-08,N082BJ,2.87
2021-01-09,N082BJ,2.744
2021-01-10,N082BJ,2.119
2021-01-11,N082BJ,2.038
2021-01-12,N082BJ,2.296
2022-01-01,N082BJ,2.193
2022-01-02,N082BJ,2.18
2022-01-03,N082BJ,2.027
2022-01-04,N082BJ,2.107
2022-01-05,N082BJ,2.671
2022-01-06,N082BJ,2.509
2022-01-07,N082BJ,2.743
2022-01-08,N082BJ,2.482
2022-01-07,N473RB,0.042
2022-01-08,N473RB,0.043
2022-02-06,N473RB,1.117
25/05/2022,N473RB,0
2020-01-01,R162EL,2.333
2020-01-02,R162EL,2.171
2020-01-03,R162EL,2.21
2020-01-04,R162EL,2.431
2020-01-05,R162EL,2.225
2020-01-06,R162EL,2.287
2020-01-07,R162EL,2.276
2020-01-08,R162EL,2.553
2020-01-09,R162EL,3.086
2020-01-10,R162EL,2.969
2020-01-11,R162EL,2.365
2020-01-12,R162EL,2.415
2021-01-01,R162EL,1.757
2021-01-02,R162EL,1.623
2021-01-03,R162EL,1.161
2021-01-04,R162EL,1.481
2021-01-05,R162EL,1.644
2021-01-06,R162EL,2.677
2021-01-07,R162EL,2.782
2021-01-08,R162EL,1.59
2021-01-09,R162EL,1.922
2021-01-10,R162EL,1.778
2021-01-11,R162EL,1.825
2021-01-12,R162EL,2.007
2022-01-01,R162EL,1.796
2022-01-02,R162EL,2.048
2022-01-03,R162EL,1.751
2022-01-04,R162EL,1.538
2022-01-05,R162EL,1.751
2022-01-06,R162EL,2.182
2022-01-07,R162EL,2.896
2022-01-08,R162EL,2.012
2019-01-12,W300HM,1.152
2020-01-01,W300HM,1.065
2020-01-02,W300HM,1.616
2020-01-03,W300HM,2.173
2020-01-04,W300HM,2.211
2020-01-05,W300HM,2.748
2020-01-06,W300HM,2.3
2020-01-07,W300HM,2.682
2020-01-08,W300HM,2.619
2020-01-09,W300HM,2.49
2020-01-10,W300HM,2.105
2020-01-11,W300HM,1.338
2020-01-12,W300HM,1.245
2021-01-01,W300HM,1.98
2021-01-02,W300HM,2.083
2021-01-03,W300HM,1.896
2021-01-04,W300HM,2.356
2021-01-05,W300HM,2.516
2021-01-06,W300HM,2.408
2021-01-07,W300HM,2.381
2021-01-08,W300HM,2.233
2021-01-09,W300HM,1.941
2021-01-10,W300HM,2.047
2021-01-11,W300HM,1.461
2021-01-12,W300HM,1.681
2022-01-01,W300HM,2.339
2022-01-02,W300HM,2.694
2022-01-03,W300HM,1.641
2022-01-04,W300HM,2.418
2022-01-05,W300HM,3.573
2022-01-06,W300HM,3.164
2022-01-07,W300HM,3.184
2022-01-08,W300HM,3.298
2020-01-09,X750VT,2.842
2020-01-10,X750VT,1.702
2020-01-11,X750VT,1.542
2020-01-12,X750VT,1.792
2021-01-01,X750VT,1.62
2021-01-02,X750VT,1.877
2021-01-03,X750VT,1.572
2021-01-04,X750VT,1.569
2021-01-05,X750VT,1.746
2021-01-06,X750VT,2.656
2021-01-07,X750VT,2.61
2021-01-08,X750VT,2.471
2021-01-09,X750VT,1.86
2021-01-10,X750VT,1.612
2021-01-11,X750VT,0.912
2021-01-12,X750VT,1.426
2022-01-01,X750VT,1.784
2022-01-02,X750VT,1.426
2022-01-03,X750VT,1.295
2022-01-04,X750VT,1.954
2022-01-05,X750VT,2.954
2022-01-06,X750VT,1.984
2022-01-07,X750VT,2.734
2022-01-08,X750VT,1.936
25/08/2020,X750VT,1.806
