Medidor,fecha_inicio,demanda_uni
086FBV,2020-01-07,0
086FBV,2020-01-08,0
086FBV,2020-01-09,0
086FBV,2020-01-10,0
086FBV,2020-01-11,0
086FBV,2020-01-12,0
086FBV,2021-01-01,0.26
086FBV,2021-01-02,0.129
086FBV,2021-01-03,0.322
086FBV,2021-01-04,1.42
086FBV,2021-01-05,1.814
086FBV,2021-01-06,1.537
086FBV,2021-01-07,1.549
086FBV,2021-01-08,1.4
086FBV,2021-01-09,1.387
086FBV,2021-01-10,1.323
086FBV,2021-01-11,1.133
086FBV,2021-01-12,1.095
086FBV,2022-01-01,1.094
086FBV,2022-01-02,1.068
086FBV,2022-01-03,1.229
086FBV,2022-01-04,1.427
086FBV,2022-01-05,1.498
086FBV,2022-01-06,1.466
086FBV,2022-01-07,1.561
086FBV,2022-01-08,1.509
086FBV,25/06/2020,0
091PFY,2018-01-02,1.176
091PFY,2018-01-03,1.963
091PFY,2018-01-04,0.912
091PFY,2018-01-05,0.797
091PFY,2018-01-06,0.673
091PFY,2018-01-07,0.619
091PFY,2018-01-08,0.545
091PFY,2018-01-09,0.605
091PFY,2018-01-10,0.652
091PFY,2018-01-11,0.835
091PFY,2018-01-12,1.007
091PFY,2018-03-01,2.566
091PFY,2019-01-01,0.65
091PFY,2019-01-02,0.617
091PFY,2019-01-03,0.509
091PFY,2019-01-04,0.554
091PFY,2019-01-05,0.55
091PFY,2019-01-06,0.559
091PFY,2019-01-07,0.787
091PFY,2019-01-08,0.647
091PFY,2019-01-09,0.74
091PFY,2019-01-10,0.707
091PFY,2019-01-11,0.469
091PFY,2019-01-12,0.354
091PFY,2020-01-01,0.347
091PFY,2020-01-02,0.412
091PFY,2020-01-03,0.45
091PFY,2020-01-04,2.026
091PFY,2020-01-05,1.326
091PFY,2020-01-06,0.653
091PFY,2020-01-07,0.946
091PFY,2020-01-08,0.495
091PFY,2020-01-09,0.457
091PFY,2020-01-10,0.876
091PFY,2020-01-11,0.943
091PFY,2020-01-12,0.472
091PFY,2021-01-01,1.278
091PFY,2021-01-02,0.839
091PFY,2021-01-03,0.777
091PFY,2021-01-04,0.716
091PFY,2021-01-05,0.605
091PFY,2021-01-06,1.353
091PFY,2021-01-07,1.196
091PFY,2021-01-08,0.351
091PFY,2021-01-09,0.552
091PFY,2021-01-10,0.701
091PFY,2021-01-11,0.546
091PFY,2021-01-12,0.728
091PFY,2022-01-01,0.695
091PFY,2022-01-02,0.653
091PFY,2022-01-03,0.54
091PFY,2022-01-04,0.527
091PFY,2022-01-05,0.629
091PFY,2022-01-06,0.582
091PFY,2022-01-07,0.472
091PFY,2022-01-08,0.553
091PFY,29/12/2017,0
137Y8W,26/01/2017,1.142
137Y8W,26/01/2018,0.176
137Y8W,26/01/2019,0.415
137Y8W,26/01/2020,1.182
137Y8W,26/01/2021,1.024
137Y8W,26/01/2022,0.995
137Y8W,26/02/2017,0.336
137Y8W,26/02/2018,0.308
137Y8W,26/02/2019,1.325
137Y8W,26/02/2020,1.165
137Y8W,26/02/2021,1.02
137Y8W,26/02/2022,1.027
137Y8W,26/03/2017,0.977
137Y8W,26/03/2018,0.307
137Y8W,26/03/2019,0.136
137Y8W,26/03/2020,1.101
137Y8W,26/03/2021,1.271
137Y8W,26/03/2022,0.992
137Y8W,26/04/2017,0.192
137Y8W,26/04/2018,0.251
137Y8W,26/04/2019,0.16
137Y8W,26/04/2020,0.153
137Y8W,26/04/2021,1.198
137Y8W,26/04/2022,0.779
137Y8W,26/05/2017,0.196
137Y8W,26/05/2018,0.242
137Y8W,26/05/2019,0.661
137Y8W,26/05/2020,0.109
137Y8W,26/05/2021,1.22
137Y8W,26/05/2022,1.24
137Y8W,26/06/2017,0
137Y8W,26/06/2018,0.166
137Y8W,26/06/2019,0.712
137Y8W,26/06/2020,0.466
137Y8W,26/06/2021,1.338
137Y8W,26/06/2022,1.701
137Y8W,26/07/2017,0.895
137Y8W,26/07/2018,0.244
137Y8W,26/07/2019,0.973
137Y8W,26/07/2020,1.16
137Y8W,26/07/2021,1.758
137Y8W,26/07/2022,1.124
137Y8W,26/08/2017,0
137Y8W,26/08/2018,0.307
137Y8W,26/08/2019,1.106
137Y8W,26/08/2020,1.082
137Y8W,26/08/2021,1.179
137Y8W,26/09/2017,0
137Y8W,26/09/2018,0.287
137Y8W,26/09/2019,0.994
137Y8W,26/09/2020,1.236
137Y8W,26/09/2021,1.172
137Y8W,26/10/2016,1.19
137Y8W,26/10/2017,0
137Y8W,26/10/2018,0.241
137Y8W,26/10/2019,1.27
137Y8W,26/10/2020,1.295
137Y8W,26/10/2021,1.065
137Y8W,26/11/2016,0.746
137Y8W,26/11/2017,0
137Y8W,26/11/2018,0.222
137Y8W,26/11/2019,1.332
137Y8W,26/11/2020,1.356
137Y8W,26/11/2021,0.904
137Y8W,26/12/2016,1.251
137Y8W,26/12/2017,0.126
137Y8W,26/12/2018,1.131
137Y8W,26/12/2019,1.203
137Y8W,26/12/2020,1.322
137Y8W,26/12/2021,1.06
170E6H,2017-01-10,0.379
170E6H,2017-01-11,0.35
170E6H,2017-01-12,1.081
170E6H,2018-01-01,1.104
170E6H,2018-01-02,1.096
170E6H,2018-01-03,1.196
170E6H,2018-01-04,1.117
170E6H,2018-01-05,0.979
170E6H,2018-01-06,0.324
170E6H,2018-01-07,0.3
170E6H,2018-01-08,0.272
170E6H,2018-01-09,0.33
170E6H,2018-01-10,1.158
170E6H,2018-01-11,1.351
170E6H,2018-01-12,1.361
170E6H,2019-01-01,1.176
170E6H,2019-01-02,1.188
170E6H,2019-01-03,1.163
170E6H,2019-01-04,1.054
170E6H,2019-01-05,1.105
170E6H,2019-01-06,0.612
170E6H,2019-01-07,0.529
170E6H,2019-01-08,0.57
170E6H,2019-01-09,0.542
170E6H,2019-01-10,1.337
170E6H,2019-01-11,2.257
170E6H,2019-01-12,2.272
170E6H,2020-01-01,2.263
170E6H,2020-01-02,2.119
170E6H,2020-01-03,1.997
170E6H,2020-01-04,2.15
170E6H,2020-01-05,1.5
170E6H,2020-01-06,0.591
170E6H,2020-01-07,0.552
170E6H,2020-01-08,0.544
170E6H,2020-01-09,0.592
170E6H,2020-01-10,1.155
170E6H,2020-01-11,1.196
170E6H,2020-01-12,1.68
170E6H,2021-01-01,1.731
170E6H,2021-01-02,1.583
170E6H,2021-01-03,1.14
170E6H,2021-01-04,1.191
170E6H,2021-01-05,0.575
170E6H,2021-01-06,0.533
170E6H,2021-01-07,0.554
170E6H,2021-01-08,0.577
170E6H,2021-01-09,0.595
170E6H,2021-01-10,1.169
170E6H,2021-01-11,1.112
170E6H,2021-01-12,1.111
170E6H,2022-01-01,1.199
170E6H,2022-01-02,1.456
170E6H,2022-01-03,1.252
170E6H,2022-01-04,1.257
170E6H,2022-01-05,1.059
170E6H,2022-01-06,0.551
170E6H,2022-01-07,1.652
170E6H,2022-01-08,2.159
170E6H,19/09/2017,0.012
203VE8,2016-01-12,0.783
203VE8,2017-01-01,1.509
203VE8,2017-01-02,0.628
203VE8,2017-01-03,1.716
203VE8,2017-01-04,1.703
203VE8,2017-01-05,1.837
203VE8,2017-01-06,2.042
203VE8,2017-01-07,1.994
203VE8,2017-01-08,1.944
203VE8,2017-01-09,1.789
203VE8,2017-01-10,0.904
203VE8,2017-01-11,0.911
203VE8,2017-01-12,1.265
203VE8,2018-01-01,2.008
203VE8,2018-01-02,1.149
203VE8,2018-01-03,1.718
203VE8,2018-01-04,1.549
203VE8,2018-01-05,1.962
203VE8,2018-01-06,2.346
203VE8,2018-01-07,2.226
203VE8,2018-01-08,2.155
203VE8,2018-01-09,2.116
203VE8,2018-01-10,1.283
203VE8,2018-01-11,1.238
203VE8,2018-01-12,1.184
203VE8,2019-01-01,1.11
203VE8,2019-01-02,1.054
203VE8,2019-01-03,1.325
203VE8,2019-01-04,1.373
203VE8,2019-01-05,2.164
203VE8,2019-01-06,2.598
203VE8,2019-01-07,2.231
203VE8,2019-01-08,2.505
203VE8,2019-01-09,2.28
203VE8,2019-01-10,2.1
203VE8,2019-01-11,1.297
203VE8,2019-01-12,1.5
203VE8,2020-01-01,0.684
203VE8,2020-01-02,0.869
203VE8,2020-01-03,1.219
203VE8,2020-01-04,1.43
203VE8,2020-01-05,1.866
203VE8,2020-01-06,1.76
203VE8,2020-01-07,2.07
203VE8,2020-01-08,1.865
203VE8,2020-01-09,2.136
203VE8,2020-01-10,0.988
203VE8,2020-01-11,1.365
203VE8,2020-01-12,0.96
203VE8,2021-01-01,1.054
203VE8,2021-01-02,0.885
203VE8,2021-01-03,1.109
203VE8,2021-01-04,1.805
203VE8,2021-01-05,2.158
203VE8,2021-01-06,2.14
203VE8,2021-01-07,2.162
203VE8,2021-01-08,2.126
203VE8,2021-01-09,2.209
203VE8,2021-01-10,2.216
203VE8,2021-01-11,0.94
203VE8,2021-01-12,0.932
203VE8,2022-01-01,1.202
203VE8,2022-01-02,1.075
203VE8,2022-01-03,0.9
203VE8,2022-01-04,1.568
203VE8,2022-01-05,2.121
203VE8,2022-01-06,2.161
203VE8,2022-01-07,2.162
203VE8,2022-01-08,2.05
237VHK,2017-01-06,1.356
237VHK,2017-01-07,1.487
237VHK,2017-01-08,1.493
237VHK,2017-01-09,1.18
237VHK,2017-01-10,1.541
237VHK,2017-01-11,0.606
237VHK,2017-01-12,1.693
237VHK,2018-01-01,1.893
237VHK,2018-01-02,0.781
237VHK,2018-01-03,1.438
237VHK,2018-01-04,1.272
237VHK,2018-01-05,1.556
237VHK,2018-01-06,1.386
237VHK,2018-01-07,1.444
237VHK,2018-01-08,1.461
237VHK,2018-01-09,1.327
237VHK,2018-01-10,1.158
237VHK,2018-01-11,2.391
237VHK,2018-01-12,2.869
237VHK,2019-01-01,3.391
237VHK,2019-01-02,1.841
237VHK,2019-01-03,0.816
237VHK,2019-01-04,0.979
237VHK,2019-01-05,1.315
237VHK,2019-01-06,1.409
237VHK,2019-01-07,1.776
237VHK,2019-01-08,1.516
237VHK,2019-01-09,1.364
237VHK,2019-01-10,1.244
237VHK,2019-01-11,0.752
237VHK,2019-01-12,1.828
237VHK,2020-01-01,1.318
237VHK,2020-01-02,0
237VHK,2020-01-03,0
237VHK,2020-01-04,0
237VHK,2020-01-05,0
237VHK,2020-01-06,0
237VHK,2020-01-07,0
237VHK,2020-01-08,0.743
237VHK,2020-01-09,0.304
237VHK,2020-01-10,2.345
237VHK,2020-01-11,1.81
237VHK,2020-01-12,0.411
237VHK,2021-01-01,0.365
237VHK,2021-01-02,0.313
237VHK,2021-01-03,0
237VHK,2021-01-04,0.273
237VHK,2021-01-05,0.017
237VHK,2021-01-06,0.214
237VHK,2021-01-07,0.737
237VHK,2021-01-08,0.977
237VHK,2021-01-09,0.888
237VHK,2021-01-10,1.094
237VHK,2021-01-11,1.445
237VHK,2021-01-12,1.591
237VHK,2022-01-01,1.734
237VHK,2022-01-02,1.932
237VHK,2022-01-03,0.628
237VHK,2022-01-04,0.746
237VHK,2022-01-05,0.995
237VHK,2022-01-06,1.539
237VHK,2022-01-07,1.611
237VHK,2022-01-08,1.435
237VHK,13/05/2017,1.367
251YML,2020-01-06,0.446
251YML,2020-01-07,0.397
251YML,2020-01-08,0.765
251YML,2020-01-09,1.207
251YML,2020-01-10,1.279
251YML,2020-01-11,1.216
251YML,2020-01-12,1.637
251YML,2021-01-01,1.74
251YML,2021-01-02,1.488
251YML,2021-01-03,1.052
251YML,2021-01-04,1.309
251YML,2021-01-05,1.237
251YML,2021-01-06,1.409
251YML,2021-01-07,1.169
251YML,2021-01-08,1.031
251YML,2021-01-09,1.097
251YML,2021-01-10,1.066
251YML,2021-01-11,1.036
251YML,2021-01-12,0.947
251YML,2022-01-01,1.236
251YML,2022-01-02,1.206
251YML,2022-01-03,0.743
251YML,2022-01-04,0.542
251YML,2022-01-05,0.625
251YML,2022-01-06,0.617
251YML,2022-01-07,0.601
251YML,2022-01-08,0.547
251YML,24/05/2020,0.378
323EPC,21/01/2017,2.419
323EPC,21/01/2019,1.272
323EPC,21/01/2020,1.032
323EPC,21/01/2021,1.158
323EPC,21/01/2022,1.508
323EPC,21/02/2017,2.145
323EPC,21/02/2018,1.373
323EPC,21/02/2019,1.488
323EPC,21/02/2020,0.999
323EPC,21/02/2021,0.973
323EPC,21/02/2022,1.056
323EPC,21/03/2017,1.946
323EPC,21/03/2018,0.221
323EPC,21/03/2019,1.557
323EPC,21/03/2020,1.293
323EPC,21/03/2021,2.303
323EPC,21/03/2022,0.672
323EPC,21/04/2017,1.572
323EPC,21/04/2018,0.116
323EPC,21/04/2019,0
323EPC,21/04/2020,0.656
323EPC,21/04/2021,0.921
323EPC,21/04/2022,1.918
323EPC,21/05/2016,0.912
323EPC,21/05/2017,1.739
323EPC,21/05/2018,0.07
323EPC,21/05/2019,0
323EPC,21/05/2020,0.886
323EPC,21/05/2021,0.376
323EPC,21/05/2022,1.953
323EPC,21/06/2016,0.892
323EPC,21/06/2017,1.645
323EPC,21/06/2018,0.074
323EPC,21/06/2019,0
323EPC,21/06/2020,0.672
323EPC,21/06/2021,0.822
323EPC,21/06/2022,0.462
323EPC,21/07/2016,0.705
323EPC,21/07/2017,2.007
323EPC,21/07/2018,0.098
323EPC,21/07/2019,0
323EPC,21/07/2020,0.637
323EPC,21/07/2021,1.032
323EPC,21/07/2022,0
323EPC,21/08/2016,0.541
323EPC,21/08/2018,0.12
323EPC,21/08/2019,0.577
323EPC,21/08/2020,0.732
323EPC,21/08/2021,0.738
323EPC,21/08/2022,1.141
323EPC,21/09/2016,1.934
323EPC,21/09/2018,0.377
323EPC,21/09/2019,0.684
323EPC,21/09/2020,1.104
323EPC,21/09/2021,0.756
323EPC,21/10/2016,1.686
323EPC,21/10/2018,0.608
323EPC,21/10/2019,0.638
323EPC,21/10/2020,0.961
323EPC,21/10/2021,0.902
323EPC,21/11/2016,1.824
323EPC,21/11/2018,0.644
323EPC,21/11/2019,0.65
323EPC,21/11/2020,1.085
323EPC,21/11/2021,1.103
323EPC,21/12/2016,1.971
323EPC,21/12/2018,1.659
323EPC,21/12/2019,1.577
323EPC,21/12/2020,1.055
323EPC,21/12/2021,2.739
365YJ1,21/01/2018,0
365YJ1,21/01/2019,0
365YJ1,21/01/2020,0
365YJ1,21/01/2021,1.077
365YJ1,21/01/2022,1.44
365YJ1,21/02/2017,0
365YJ1,21/02/2018,0
365YJ1,21/02/2019,0
365YJ1,21/02/2020,0
365YJ1,21/02/2021,0.738
365YJ1,21/02/2022,0.876
365YJ1,21/03/2017,0
365YJ1,21/03/2018,0
365YJ1,21/03/2019,2.083
365YJ1,21/03/2020,0
365YJ1,21/03/2021,0.703
365YJ1,21/03/2022,1.561
365YJ1,21/04/2017,0.014
365YJ1,21/04/2018,1.433
365YJ1,21/04/2019,2.04
365YJ1,21/04/2020,0
365YJ1,21/04/2021,0.884
365YJ1,21/04/2022,2.242
365YJ1,21/05/2017,1.693
365YJ1,21/05/2018,2.244
365YJ1,21/05/2019,1.477
365YJ1,21/05/2020,0
365YJ1,21/05/2021,0.888
365YJ1,21/05/2022,1.869
365YJ1,21/06/2017,2.265
365YJ1,21/06/2018,1.466
365YJ1,21/06/2019,0
365YJ1,21/06/2020,0
365YJ1,21/06/2021,0.98
365YJ1,21/06/2022,1.99
365YJ1,21/07/2017,0
365YJ1,21/07/2018,1.112
365YJ1,21/07/2019,1.2
365YJ1,21/07/2020,0
365YJ1,21/07/2021,0.866
365YJ1,21/07/2022,1.959
365YJ1,21/08/2017,0
365YJ1,21/08/2018,0.969
365YJ1,21/08/2019,0
365YJ1,21/08/2020,0
365YJ1,21/08/2021,0.885
365YJ1,21/08/2022,1.6
365YJ1,21/09/2017,1.625
365YJ1,21/09/2018,1.024
365YJ1,21/09/2019,0
365YJ1,21/09/2020,1.347
365YJ1,21/09/2021,1.117
365YJ1,21/10/2016,0
365YJ1,21/10/2017,1.809
365YJ1,21/10/2018,1.053
365YJ1,21/10/2019,0
365YJ1,21/10/2020,1.482
365YJ1,21/10/2021,0.977
365YJ1,21/11/2016,0
365YJ1,21/11/2018,1.748
365YJ1,21/11/2019,0
365YJ1,21/11/2020,0
365YJ1,21/11/2021,0.963
365YJ1,21/12/2016,0
365YJ1,21/12/2017,0
365YJ1,21/12/2018,1.799
365YJ1,21/12/2019,0
365YJ1,21/12/2020,1.15
365YJ1,21/12/2021,1.187
365YJ1,28/01/2017,0.649
394H5K,2016-01-11,1.084
394H5K,2016-01-12,1.138
394H5K,2017-01-01,1.042
394H5K,2017-01-02,0.998
394H5K,2017-01-03,1.209
394H5K,2017-01-04,1.623
394H5K,2017-01-05,1.548
394H5K,2017-01-06,1.915
394H5K,2017-01-07,2.615
394H5K,2017-01-08,1.686
394H5K,2017-01-09,1.521
394H5K,2017-01-10,1.471
394H5K,2017-01-11,2.224
394H5K,2017-01-12,1.499
394H5K,2018-01-01,1.436
394H5K,2018-01-02,1.344
394H5K,2018-01-03,1.432
394H5K,2018-01-04,1.596
394H5K,2018-01-05,1.656
394H5K,2018-01-06,1.618
394H5K,2018-01-07,1.78
394H5K,2018-01-08,1.6
394H5K,2018-01-09,1.55
394H5K,2018-01-10,1.422
394H5K,2018-01-11,1.217
394H5K,2018-01-12,1.833
394H5K,2019-01-01,1.333
394H5K,2019-01-02,1.219
394H5K,2019-01-03,1.052
394H5K,2019-01-04,1.38
394H5K,2019-01-05,1.469
394H5K,2019-01-06,1.972
394H5K,2019-01-07,1.787
394H5K,2019-01-08,1.656
394H5K,2019-01-09,1.545
394H5K,2019-01-10,1.453
394H5K,2019-01-11,1.334
394H5K,2019-01-12,1.116
394H5K,2020-01-01,1.545
394H5K,2020-01-02,1.321
394H5K,2020-01-03,1.303
394H5K,2020-01-04,1.427
394H5K,2020-01-05,1.616
394H5K,2020-01-06,1.532
394H5K,2020-01-07,1.616
394H5K,2020-01-08,1.66
394H5K,2020-01-09,1.421
394H5K,2020-01-10,0.51
394H5K,2020-01-11,1.091
394H5K,2020-01-12,1.394
394H5K,2021-01-01,1.209
394H5K,2021-01-02,1.553
394H5K,2021-01-03,1.239
394H5K,2021-01-04,1.65
394H5K,2021-01-05,1.61
394H5K,2021-01-06,1.709
394H5K,2021-01-07,1.671
394H5K,2021-01-08,1.6
394H5K,2021-01-09,1.655
394H5K,2021-01-10,1.753
394H5K,2021-01-11,1.186
394H5K,2021-01-12,1.241
394H5K,2022-01-01,1.241
394H5K,2022-01-02,2.335
394H5K,2022-01-03,2.232
394H5K,2022-01-04,1.617
394H5K,2022-01-05,1.724
394H5K,2022-01-06,1.697
394H5K,2022-01-07,1.767
394H5K,2022-01-08,1.816
398G2J,2016-01-11,2.152
398G2J,2016-01-12,1.519
398G2J,2017-01-01,1.091
398G2J,2017-01-02,0.857
398G2J,2017-01-03,2.767
398G2J,2017-01-04,3.202
398G2J,2017-01-05,3.219
398G2J,2017-01-06,3.194
398G2J,2017-01-07,3.089
398G2J,2017-01-08,3.242
398G2J,2017-01-09,2.857
398G2J,2017-01-10,2.729
398G2J,2017-01-11,2.559
398G2J,2017-01-12,1.144
398G2J,2018-01-01,3.073
398G2J,2018-01-02,1.434
398G2J,2018-01-03,2.766
398G2J,2018-01-04,2.259
398G2J,2018-01-05,2.939
398G2J,2018-01-06,3.043
398G2J,2018-01-07,3.372
398G2J,2018-01-08,3.083
398G2J,2018-01-09,2.732
398G2J,2018-01-10,2.647
398G2J,2018-01-11,2.522
398G2J,2018-01-12,1.098
398G2J,2019-01-01,0.944
398G2J,2019-01-02,1.687
398G2J,2019-01-03,2.682
398G2J,2019-01-04,2.772
398G2J,2019-01-05,2.963
398G2J,2019-01-06,3.175
398G2J,2019-01-07,3.126
398G2J,2019-01-08,3.043
398G2J,2019-01-09,2.843
398G2J,2019-01-10,2.927
398G2J,2019-01-11,1.272
398G2J,2019-01-12,0.856
398G2J,2020-01-01,0.825
398G2J,2020-01-02,1.056
398G2J,2020-01-03,2.876
398G2J,2020-01-04,3.134
398G2J,2020-01-05,3.008
398G2J,2020-01-06,2.963
398G2J,2020-01-07,3.161
398G2J,2020-01-08,3.382
398G2J,2020-01-09,3.131
398G2J,2020-01-10,3.007
398G2J,2020-01-11,1.69
398G2J,2020-01-12,1.409
398G2J,2021-01-01,1.002
398G2J,2021-01-02,2.351
398G2J,2021-01-03,2.577
398G2J,2021-01-04,3.202
398G2J,2021-01-05,3.367
398G2J,2021-01-06,3.388
398G2J,2021-01-07,3.255
398G2J,2021-01-08,3.519
398G2J,2021-01-09,3.288
398G2J,2021-01-10,3.088
398G2J,2021-01-11,2.533
398G2J,2021-01-12,1.397
398G2J,2022-01-01,1.249
398G2J,2022-01-02,1.646
398G2J,2022-01-03,2.652
398G2J,2022-01-04,3.097
398G2J,2022-01-05,3.066
398G2J,2022-01-06,3.133
398G2J,2022-01-07,3.115
398G2J,2022-01-08,3.085
398GD4,2016-01-12,1.331
398GD4,2017-01-01,1.413
398GD4,2017-01-02,1.507
398GD4,2017-01-03,1.421
398GD4,2017-01-04,0.778
398GD4,2017-01-05,0.636
398GD4,2017-01-06,0.653
398GD4,2017-01-07,0.602
398GD4,2017-01-08,0.584
398GD4,2017-01-09,0.549
398GD4,2017-01-10,0.629
398GD4,2017-01-11,1.461
398GD4,2017-01-12,2.582
398GD4,2018-01-01,2.542
398GD4,2018-01-02,1.631
398GD4,2018-01-03,1.367
398GD4,2018-01-04,1.508
398GD4,2018-01-05,1.922
398GD4,2018-01-06,1.837
398GD4,2018-01-07,1.975
398GD4,2018-01-08,1.831
398GD4,2018-01-09,1.875
398GD4,2018-01-10,1.805
398GD4,2018-01-11,2.184
398GD4,2018-01-12,1.825
398GD4,2019-01-01,1.425
398GD4,2019-01-02,1.507
398GD4,2019-01-03,1.338
398GD4,2019-01-04,1.319
398GD4,2019-01-05,1.186
398GD4,2019-01-06,0.617
398GD4,2019-01-07,0.71
398GD4,2019-01-08,0.739
398GD4,2019-01-09,0.83
398GD4,2019-01-10,1.279
398GD4,2019-01-11,1.44
398GD4,2019-01-12,1.53
398GD4,2020-01-01,1.512
398GD4,2020-01-02,2.048
398GD4,2020-01-03,1.18
398GD4,2020-01-04,1.184
398GD4,2020-01-05,0.509
398GD4,2020-01-06,0.451
398GD4,2020-01-07,1.013
398GD4,2020-01-08,0.605
398GD4,2020-01-09,1.074
398GD4,2020-01-10,1.146
398GD4,2020-01-11,1.248
398GD4,2020-01-12,1.373
398GD4,2021-01-01,1.629
398GD4,2021-01-02,1.521
398GD4,2021-01-03,1.177
398GD4,2021-01-04,1.041
398GD4,2021-01-05,1.235
398GD4,2021-01-06,0.69
398GD4,2021-01-07,0.849
398GD4,2021-01-08,0.812
398GD4,2021-01-09,0.75
398GD4,2021-01-10,1.1
398GD4,2021-01-11,1.32
398GD4,2021-01-12,1.157
398GD4,2022-01-01,1.701
398GD4,2022-01-02,1.393
398GD4,2022-01-03,1.085
398GD4,2022-01-04,1.141
398GD4,2022-01-05,0.843
398GD4,2022-01-06,0.718
398GD4,2022-01-07,0.496
398GD4,2022-01-08,0.388
401HRA,2017-01-08,1.056
401HRA,2017-01-09,1.155
401HRA,2017-01-10,1.103
401HRA,2017-01-11,0.03
401HRA,2017-01-12,0.031
401HRA,2017-11-07,1.057
401HRA,2018-01-01,0.031
401HRA,2018-01-02,0.031
401HRA,2018-01-03,1.142
401HRA,2018-01-04,1.168
401HRA,2018-01-05,1.208
401HRA,2018-01-06,1.614
401HRA,2018-01-07,1.326
401HRA,2018-01-08,1.274
401HRA,2018-01-09,1.259
401HRA,2018-01-10,1.073
401HRA,2018-01-11,0.031
401HRA,2018-01-12,0.031
401HRA,2019-01-01,0.032
401HRA,2019-01-02,0.954
401HRA,2019-01-03,1.273
401HRA,2019-01-04,1.194
401HRA,2019-01-05,1.307
401HRA,2019-01-06,1.69
401HRA,2019-01-07,1.556
401HRA,2019-01-08,1.046
401HRA,2019-01-09,1.375
401HRA,2019-01-10,1.038
401HRA,2019-01-11,0.021
401HRA,2019-01-12,0.02
401HRA,2020-01-01,0.02
401HRA,2020-01-02,0.02
401HRA,2020-01-03,1.111
401HRA,2020-01-04,1.063
401HRA,2020-01-05,1.116
401HRA,2020-01-06,1.168
401HRA,2020-01-07,1.28
401HRA,2020-01-08,1.353
401HRA,2020-01-09,1.288
401HRA,2020-01-10,0.868
401HRA,2020-01-11,0.021
401HRA,2020-01-12,0.021
401HRA,2021-01-01,0.02
401HRA,2021-01-02,0
401HRA,2021-01-03,1.06
401HRA,2021-01-04,1.188
401HRA,2021-01-05,1.12
401HRA,2021-01-06,1.176
401HRA,2021-01-07,1.464
401HRA,2021-01-08,1.598
401HRA,2021-01-09,1.597
401HRA,2021-01-10,1.273
401HRA,2021-01-11,0.631
401HRA,2021-01-12,0.166
401HRA,2022-01-01,0.388
401HRA,2022-01-02,0.089
401HRA,2022-01-03,0.098
401HRA,2022-01-04,0.114
401HRA,2022-01-05,0.167
401HRA,2022-01-06,0.226
401HRA,2022-01-07,0.64
401HRA,2022-01-08,0.635
401HRA,20/06/2017,0
405UPG,2017-01-06,0.305
405UPG,2017-01-07,1.284
405UPG,2017-01-08,1.662
405UPG,2017-01-09,0.78
405UPG,2017-01-10,1.022
405UPG,2017-01-11,0.807
405UPG,2017-01-12,0.152
405UPG,2017-10-05,0.125
405UPG,2018-01-01,0
405UPG,2018-01-02,0.074
405UPG,2018-01-03,0.042
405UPG,2018-01-04,0
405UPG,2018-01-05,1.548
405UPG,2018-01-06,2.046
405UPG,2018-01-07,2.115
405UPG,2018-01-08,1.501
405UPG,2018-01-09,1.487
405UPG,2018-01-10,2.912
405UPG,2018-01-11,2.778
405UPG,2018-01-12,2.825
405UPG,2019-01-01,3.608
405UPG,2019-01-02,0.1
405UPG,2019-01-03,0.008
405UPG,2019-01-04,0.011
405UPG,2019-01-05,0.095
405UPG,2019-01-06,1.005
405UPG,2019-01-07,0.384
405UPG,2019-01-08,1.059
405UPG,2019-01-09,0.933
405UPG,2019-01-10,2.88
405UPG,2019-01-11,3.171
405UPG,2019-01-12,3.423
405UPG,2020-01-01,4.198
405UPG,2020-01-02,4.305
405UPG,2020-01-03,4.033
405UPG,2020-01-04,3.905
405UPG,2020-01-05,2.935
405UPG,2020-01-06,3.222
405UPG,2020-01-07,2.554
405UPG,2020-01-08,2.843
405UPG,2020-01-09,3.132
405UPG,2020-01-10,3.31
405UPG,2020-01-11,4.156
405UPG,2020-01-12,4.268
405UPG,2021-01-01,3.692
405UPG,2021-01-02,3.273
405UPG,2021-01-03,3.523
405UPG,2021-01-04,3.775
405UPG,2021-01-05,3.435
405UPG,2021-01-06,3.544
405UPG,2021-01-07,2.572
405UPG,2021-01-08,3.482
405UPG,2021-01-09,2.88
405UPG,2021-01-10,3.388
405UPG,2021-01-11,4.159
405UPG,2021-01-12,3.091
405UPG,2022-01-01,3.676
405UPG,2022-01-02,3.527
405UPG,2022-01-03,3.741
405UPG,2022-01-04,2.443
405UPG,2022-01-05,3.715
405UPG,2022-01-06,2.587
405UPG,2022-01-07,1.623
405UPG,2022-01-08,3.366
450UNH,2017-01-03,0
450UNH,2017-01-04,0.156
450UNH,2017-01-05,0.063
450UNH,2017-01-06,0.302
450UNH,2017-01-07,0.378
450UNH,2017-01-08,0.504
450UNH,2017-01-09,0.407
450UNH,2017-01-10,0.796
450UNH,2017-01-11,1.305
450UNH,2017-01-12,0.014
450UNH,2018-01-01,1.207
450UNH,2018-01-02,1.133
450UNH,2018-01-03,1.047
450UNH,2018-01-04,0.258
450UNH,2018-01-05,0.28
450UNH,2018-01-06,0.005
450UNH,2018-01-07,0.369
450UNH,2018-01-08,0.641
450UNH,2018-01-09,0.504
450UNH,2018-01-10,0.64
450UNH,2018-01-11,0.477
450UNH,2018-01-12,1.301
450UNH,2019-01-01,0.499
450UNH,2019-01-02,0.28
450UNH,2019-01-03,0
450UNH,2019-01-04,0.469
450UNH,2019-01-05,0.269
450UNH,2019-01-06,0.866
450UNH,2019-01-07,0.777
450UNH,2019-01-08,0.68
450UNH,2019-01-09,0.61
450UNH,2019-01-10,0.696
450UNH,2019-01-11,0.553
450UNH,2019-01-12,0.319
450UNH,2020-01-01,0.432
450UNH,2020-01-02,0.52
450UNH,2020-01-03,0.458
450UNH,2020-01-04,0.503
450UNH,2020-01-05,0.512
450UNH,2020-01-06,0.496
450UNH,2020-01-07,0.689
450UNH,2020-01-08,0.751
450UNH,2020-01-09,0.582
450UNH,2020-01-10,0.837
450UNH,2020-01-11,0.736
450UNH,2020-01-12,0.25
450UNH,2021-01-01,0.44
450UNH,2021-01-02,1.275
450UNH,2021-01-03,1.021
450UNH,2021-01-04,0.552
450UNH,2021-01-05,0.375
450UNH,2021-01-06,0.538
450UNH,2021-01-07,0.467
450UNH,2021-01-08,0.561
450UNH,2021-01-09,0.404
450UNH,2021-01-10,0.542
450UNH,2021-01-11,1.116
450UNH,2021-01-12,1.2
450UNH,2022-01-01,1.211
450UNH,2022-01-02,1.455
450UNH,2022-01-03,1.294
450UNH,2022-01-04,1.228
450UNH,2022-01-05,0.635
450UNH,2022-01-06,0.632
450UNH,2022-01-07,0.559
450UNH,2022-01-08,0.34
450UNH,23/02/2017,0
461GM2,2016-01-12,1.655
461GM2,2017-01-01,2.279
461GM2,2017-01-02,0.686
461GM2,2017-01-03,0.707
461GM2,2017-01-04,1.235
461GM2,2017-01-05,1.315
461GM2,2017-01-06,1.916
461GM2,2017-01-07,1.544
461GM2,2017-01-08,1.418
461GM2,2017-01-09,1.303
461GM2,2017-01-10,1.177
461GM2,2017-01-11,0.674
461GM2,2017-01-12,1.711
461GM2,2018-01-01,3.136
461GM2,2018-01-02,0.703
461GM2,2018-01-03,0.669
461GM2,2018-01-04,0.699
461GM2,2018-01-05,0.72
461GM2,2018-01-06,1.431
461GM2,2018-01-07,1.701
461GM2,2018-01-08,1.469
461GM2,2018-01-09,1.334
461GM2,2018-01-10,0.809
461GM2,2018-01-11,0.912
461GM2,2018-01-12,1.144
461GM2,2019-01-01,1.291
461GM2,2019-01-02,1.01
461GM2,2019-01-03,0.867
461GM2,2019-01-04,0.821
461GM2,2019-01-05,1.353
461GM2,2019-01-06,1.704
461GM2,2019-01-07,1.375
461GM2,2019-01-08,1.786
461GM2,2019-01-09,1.345
461GM2,2019-01-10,1.252
461GM2,2019-01-11,0.812
461GM2,2019-01-12,0.955
461GM2,2020-01-01,0.718
461GM2,2020-01-02,0.789
461GM2,2020-01-03,1.738
461GM2,2020-01-04,1.466
461GM2,2020-01-05,1.523
461GM2,2020-01-06,1.457
461GM2,2020-01-07,1.864
461GM2,2020-01-08,0.859
461GM2,2020-01-09,0.881
461GM2,2020-01-10,0.805
461GM2,2020-01-11,0.806
461GM2,2020-01-12,0.68
461GM2,2021-01-01,1.596
461GM2,2021-01-02,0.729
461GM2,2021-01-03,0.849
461GM2,2021-01-04,1.437
461GM2,2021-01-05,1.3
461GM2,2021-01-06,1.587
461GM2,2021-01-07,1.54
461GM2,2021-01-08,1.569
461GM2,2021-01-09,1.533
461GM2,2021-01-10,1.276
461GM2,2021-01-11,0.878
461GM2,2021-01-12,0.818
461GM2,2022-01-01,1.249
461GM2,2022-01-02,2.25
461GM2,2022-01-03,0.849
461GM2,2022-01-04,1.234
461GM2,2022-01-05,2.234
461GM2,2022-01-06,2.374
461GM2,2022-01-07,2.3
461GM2,2022-01-08,2.381
461N6J,2022-01-02,2.755
461N6J,2022-01-03,2.763
461N6J,2022-01-04,0
461N6J,2022-01-05,0
461N6J,2022-01-06,0
461N6J,2022-01-07,0
461N6J,2022-01-08,0
469MU0,2016-01-12,0.456
469MU0,2017-01-01,0.498
469MU0,2017-01-02,0.422
469MU0,2017-01-03,0.458
469MU0,2017-01-04,0.478
469MU0,2017-01-05,0.167
469MU0,2017-01-06,0.155
469MU0,2017-01-07,0.264
469MU0,2017-01-08,0
469MU0,2017-01-09,0
469MU0,2017-01-10,0
469MU0,2017-01-11,0
469MU0,2017-01-12,0
469MU0,2018-01-01,0
469MU0,2018-01-02,0
469MU0,2018-01-03,0
469MU0,2018-01-04,0
469MU0,2018-01-05,0
469MU0,2018-01-06,0
469MU0,2018-01-07,0
469MU0,2018-01-08,0
469MU0,2018-01-09,0
469MU0,2018-01-10,0
469MU0,2018-01-11,0
469MU0,2018-01-12,0
469MU0,2019-01-01,0
469MU0,2019-01-02,0
469MU0,2019-01-03,0
469MU0,2019-01-04,0
469MU0,2019-01-05,0
469MU0,2019-01-06,0
469MU0,2019-01-07,0
469MU0,2019-01-08,0
469MU0,2019-01-09,2.233
469MU0,2019-01-10,1.728
469MU0,2019-01-11,1.624
469MU0,2019-01-12,2.216
469MU0,2020-01-01,1.649
469MU0,2020-01-02,1.758
469MU0,2020-01-03,3.016
469MU0,2020-01-04,2.991
469MU0,2020-01-05,2.527
469MU0,2020-01-06,2.731
469MU0,2020-01-07,2.105
469MU0,2020-01-08,2.139
469MU0,2020-01-09,1.877
469MU0,2020-01-10,1.887
469MU0,2020-01-11,1.075
469MU0,2020-01-12,1.607
469MU0,2021-01-01,1.503
469MU0,2021-01-02,2.41
469MU0,2021-01-03,1.367
469MU0,2021-01-04,2.399
469MU0,2021-01-05,1.467
469MU0,2021-01-06,3.122
469MU0,2021-01-07,2.877
469MU0,2021-01-08,2.561
469MU0,2021-01-09,2.796
469MU0,2021-01-10,2.2
469MU0,2021-01-11,1.355
469MU0,2021-01-12,1.266
469MU0,2022-01-01,1.296
469MU0,2022-01-02,2.081
469MU0,2022-01-03,1.362
469MU0,2022-01-04,1.303
469MU0,2022-01-05,1.943
469MU0,2022-01-06,2.474
469MU0,2022-01-07,2.279
469MU0,2022-01-08,2.401
472MAL,2016-01-11,2.365
472MAL,2016-01-12,1.913
472MAL,2017-01-01,2.152
472MAL,2017-01-02,2.332
472MAL,2017-01-03,2.473
472MAL,2017-01-04,2.791
472MAL,2017-01-05,2.722
472MAL,2017-01-06,2.908
472MAL,2017-01-07,2.71
472MAL,2017-01-08,1.4
472MAL,2017-01-09,0.04
472MAL,2017-01-10,0.041
472MAL,2017-01-11,0.041
472MAL,2017-01-12,0.041
472MAL,2018-01-01,0.041
472MAL,2018-01-02,1.274
472MAL,2018-01-03,1.334
472MAL,2018-01-04,0.04
472MAL,2018-01-05,0.059
472MAL,2018-01-06,3.049
472MAL,2018-01-07,3.023
472MAL,2018-01-08,0.038
472MAL,2018-01-09,3.178
472MAL,2018-01-10,3.017
472MAL,2018-01-11,2.889
472MAL,2018-01-12,2.847
472MAL,2019-01-01,2.239
472MAL,2019-01-02,3.749
472MAL,2019-01-03,0.058
472MAL,2019-01-04,4.112
472MAL,2019-01-05,1.58
472MAL,2019-01-06,0.998
472MAL,2019-01-07,0.939
472MAL,2019-01-08,2.57
472MAL,2019-01-09,2.33
472MAL,2019-01-10,2.237
472MAL,2019-01-11,2.149
472MAL,2019-01-12,2.083
472MAL,2020-01-01,3.142
472MAL,2020-01-02,3.3
472MAL,2020-01-03,3.411
472MAL,2020-01-04,3.117
472MAL,2020-01-05,3.014
472MAL,2020-01-06,4.185
472MAL,2020-01-07,4.882
472MAL,2020-01-08,4.836
472MAL,2020-01-09,4.494
472MAL,2020-01-11,3.923
472MAL,2020-05-10,4.284
472MAL,2020-09-12,4.161
472MAL,2021-01-01,3.534
472MAL,2021-01-03,3.885
472MAL,2021-01-05,4.364
472MAL,2021-01-07,4.943
472MAL,2021-01-09,6.067
472MAL,2021-01-11,5.094
472MAL,2021-03-04,5.049
472MAL,2021-07-06,4.726
472MAL,2021-08-02,3.343
472MAL,2021-08-08,5.688
472MAL,2021-08-12,4.67
472MAL,2021-09-10,5.912
472MAL,2022-01-01,4.479
472MAL,2022-01-03,4.07
472MAL,2022-01-05,4.716
472MAL,2022-01-07,5.278
472MAL,2022-06-04,4.76
472MAL,2022-06-06,5.152
472MAL,2022-07-02,4.424
472MAL,2022-07-08,5.395
486PUP,2016-05-12,0.81
486PUP,2017-01-01,1.376
486PUP,2017-01-02,1.579
486PUP,2017-01-03,1.565
486PUP,2017-01-04,1.201
486PUP,2017-01-05,1.022
486PUP,2017-01-06,0.88
486PUP,2017-01-07,1.048
486PUP,2017-01-08,1.074
486PUP,2017-01-09,1.276
486PUP,2017-01-10,0.96
486PUP,2017-01-11,1.143
486PUP,2017-01-12,2.13
486PUP,2018-01-01,1.869
486PUP,2018-01-02,1.887
486PUP,2018-01-03,0.901
486PUP,2018-01-04,1.236
486PUP,2018-01-05,1.088
486PUP,2018-01-06,0.993
486PUP,2018-01-07,0.974
486PUP,2018-01-08,0.985
486PUP,2018-01-09,0.964
486PUP,2018-01-10,1.297
486PUP,2018-01-11,1.403
486PUP,2018-01-12,2.157
486PUP,2019-01-01,1.87
486PUP,2019-01-02,1.684
486PUP,2019-01-03,1.578
486PUP,2019-01-04,1.625
486PUP,2019-01-05,1.076
486PUP,2019-01-06,0.857
486PUP,2019-01-07,1.233
486PUP,2019-01-08,1.006
486PUP,2019-01-09,0.864
486PUP,2019-01-10,0.953
486PUP,2019-01-11,1.596
486PUP,2019-01-12,1.866
486PUP,2020-01-01,1.727
486PUP,2020-01-02,1.561
486PUP,2020-01-03,1.399
486PUP,2020-01-04,0.979
486PUP,2020-01-05,1.008
486PUP,2020-01-06,0.964
486PUP,2020-01-07,1.047
486PUP,2020-01-08,1.167
486PUP,2020-01-09,0.891
486PUP,2020-01-10,0.859
486PUP,2020-01-11,0.969
486PUP,2020-01-12,1.842
486PUP,2021-01-01,1.688
486PUP,2021-01-02,1.672
486PUP,2021-01-03,0.885
486PUP,2021-01-04,1.045
486PUP,2021-01-05,1.006
486PUP,2021-01-06,1.032
486PUP,2021-01-07,0.784
486PUP,2021-01-08,1.064
486PUP,2021-01-09,0.76
486PUP,2021-01-10,0.427
486PUP,2021-01-11,0.806
486PUP,2021-01-12,0.811
486PUP,2022-01-01,1.621
486PUP,2022-01-02,1.636
486PUP,2022-01-03,1.98
486PUP,2022-01-04,1.154
486PUP,2022-01-05,1.2
486PUP,2022-01-06,0.843
486PUP,2022-01-07,1.176
486PUP,2022-01-08,0.963
502WWU,2017-01-04,2.816
502WWU,2017-01-05,3.139
502WWU,2017-01-06,2.966
502WWU,2017-01-07,2.024
502WWU,2017-01-08,3.064
502WWU,2017-01-09,2.7
502WWU,2017-01-10,2.803
502WWU,2017-01-11,2.986
502WWU,2017-01-12,3.173
502WWU,2018-01-01,3.572
502WWU,2018-01-02,2.615
502WWU,2018-01-03,2.572
502WWU,2018-01-04,2.58
502WWU,2018-01-05,2.666
502WWU,2018-01-06,2.823
502WWU,2018-01-07,2.748
502WWU,2018-01-08,2.541
502WWU,2018-01-09,2.982
502WWU,2018-01-10,2.988
502WWU,2018-01-11,2.794
502WWU,2018-01-12,2.812
502WWU,2019-01-01,3.008
502WWU,2019-01-02,2.886
502WWU,2019-01-03,2.727
502WWU,2019-01-04,3.64
502WWU,2019-01-05,3.686
502WWU,2019-01-06,3.754
502WWU,2019-01-07,4.499
502WWU,2019-01-08,3.572
502WWU,2019-01-09,3.819
502WWU,2019-01-10,3.594
502WWU,2019-01-11,3.615
502WWU,2019-01-12,4.294
502WWU,2020-01-01,4.353
502WWU,2020-01-02,4.31
502WWU,2020-01-03,3.681
502WWU,2020-01-04,2.188
502WWU,2020-01-05,3.001
502WWU,2020-01-06,1.968
502WWU,2020-01-07,3.138
502WWU,2020-01-08,3.435
502WWU,2020-01-09,2.795
502WWU,2020-01-10,2.437
502WWU,2020-01-11,2.067
502WWU,2020-01-12,3.981
502WWU,2021-01-01,4.033
502WWU,2021-01-02,4.238
502WWU,2021-01-03,1.991
502WWU,2021-01-04,2.394
502WWU,2021-01-05,3.381
502WWU,2021-01-06,3.459
502WWU,2021-01-07,3.321
502WWU,2021-01-08,3.435
502WWU,2021-01-09,3.227
502WWU,2021-01-10,2.469
502WWU,2021-01-11,2.831
502WWU,2021-01-12,1.993
502WWU,2022-01-01,3.576
502WWU,2022-01-02,3.939
502WWU,2022-01-03,2.16
502WWU,2022-01-04,2.424
502WWU,2022-01-05,3.73
502WWU,2022-01-06,3.593
502WWU,2022-01-07,4.647
502WWU,2022-01-08,3.738
551YD8,2021-01-10,0.866
551YD8,2021-01-11,1.204
551YD8,2021-01-12,1.827
551YD8,2021-02-09,1.585
551YD8,2022-01-01,2.02
551YD8,2022-01-02,1.751
551YD8,2022-01-03,1.714
551YD8,2022-01-04,1.289
551YD8,2022-01-05,0.659
551YD8,2022-01-06,1.056
551YD8,2022-01-07,0.718
551YD8,2022-01-08,0.724
610T4M,2020-01-09,0.358
610T4M,2020-01-10,1.169
610T4M,2020-01-11,1.143
610T4M,2020-01-12,1.15
610T4M,2021-01-01,1.134
610T4M,2021-01-02,1.223
610T4M,2021-01-03,1.283
610T4M,2021-01-04,1.231
610T4M,2021-01-05,0.973
610T4M,2021-01-06,0.559
610T4M,2021-01-07,0.712
610T4M,2021-01-08,0.717
610T4M,2021-01-09,0.469
610T4M,2021-01-10,0.84
610T4M,2021-01-11,0.948
610T4M,2021-01-12,0.931
610T4M,2022-01-01,0.558
610T4M,2022-01-02,1.321
610T4M,2022-01-03,0.836
610T4M,2022-01-04,0.687
610T4M,2022-01-05,1.939
610T4M,2022-01-06,1.936
610T4M,2022-01-07,2.008
610T4M,2022-01-08,1.93
610T4M,16/01/2017,1.484
610T4M,16/01/2018,1.447
610T4M,16/01/2019,1.597
610T4M,16/01/2020,1.211
610T4M,16/02/2017,1.317
610T4M,16/02/2018,1.36
610T4M,16/02/2019,1.27
610T4M,16/02/2020,1.559
610T4M,16/03/2017,0.718
610T4M,16/03/2018,0.61
610T4M,16/03/2019,1.433
610T4M,16/03/2020,1.079
610T4M,16/04/2017,0.686
610T4M,16/04/2018,0.581
610T4M,16/04/2019,0.787
610T4M,16/04/2020,0.936
610T4M,16/05/2017,0.665
610T4M,16/05/2018,0.59
610T4M,16/05/2019,1.026
610T4M,16/05/2020,0.631
610T4M,16/06/2017,0.573
610T4M,16/06/2018,0.546
610T4M,16/06/2019,0.945
610T4M,16/06/2020,0
610T4M,16/07/2017,0.804
610T4M,16/07/2018,0.654
610T4M,16/07/2019,0.539
610T4M,16/07/2020,0.359
610T4M,16/08/2017,0.715
610T4M,16/08/2018,0.709
610T4M,16/08/2019,0.852
610T4M,16/08/2020,0.338
610T4M,16/09/2017,1.146
610T4M,16/09/2018,0.66
610T4M,16/09/2019,0.525
610T4M,16/10/2017,1.009
610T4M,16/10/2018,1.099
610T4M,16/10/2019,1.199
610T4M,16/11/2016,1.311
610T4M,16/11/2017,1.187
610T4M,16/11/2018,1.138
610T4M,16/11/2019,1.38
610T4M,16/12/2016,1.402
610T4M,16/12/2017,1.313
610T4M,16/12/2018,1.505
610T4M,16/12/2019,1.18
619FP2,2016-01-11,0.501
619FP2,2016-01-12,1.332
619FP2,2017-01-01,1.275
619FP2,2017-01-02,0.191
619FP2,2017-01-03,0.626
619FP2,2017-01-04,1.369
619FP2,2017-01-05,1.996
619FP2,2017-01-06,2.379
619FP2,2017-01-07,1.988
619FP2,2017-01-08,1.88
619FP2,2017-01-09,0.226
619FP2,2017-01-10,0.724
619FP2,2017-01-11,0.744
619FP2,2017-01-12,0.945
619FP2,2018-01-01,0.654
619FP2,2018-01-02,0.219
619FP2,2018-01-03,1.602
619FP2,2018-01-04,0.301
619FP2,2018-01-05,0.478
619FP2,2018-01-06,0.208
619FP2,2018-01-07,0.215
619FP2,2018-01-08,0.499
619FP2,2018-01-09,0.215
619FP2,2018-01-10,0.217
619FP2,2018-01-11,0.835
619FP2,2018-01-12,0.767
619FP2,2019-01-01,0.213
619FP2,2019-01-02,0.592
619FP2,2019-01-03,0.211
619FP2,2019-01-04,0.496
619FP2,2019-01-05,0.214
619FP2,2019-01-06,0.213
619FP2,2019-01-07,0.214
619FP2,2019-01-08,1.897
619FP2,2019-01-09,0.246
619FP2,2019-01-10,0.215
619FP2,2019-01-11,0.216
619FP2,2019-01-12,1.162
619FP2,2020-01-01,0.947
619FP2,2020-01-02,0.18
619FP2,2020-01-03,0.04
619FP2,2020-01-04,0.266
619FP2,2020-01-05,0.209
619FP2,2020-01-06,0.205
619FP2,2020-01-07,0.209
619FP2,2020-01-08,0.208
619FP2,2020-01-09,0.218
619FP2,2020-01-10,0.262
619FP2,2020-01-11,0.461
619FP2,2020-01-12,0.217
619FP2,2021-01-01,0.216
619FP2,2021-01-02,0.18
619FP2,2021-01-03,0.57
619FP2,2021-01-04,0.496
619FP2,2021-01-05,0.187
619FP2,2021-01-06,0.239
619FP2,2021-01-07,0.508
619FP2,2021-01-08,0.183
619FP2,2021-01-09,0.185
619FP2,2021-01-10,0.188
619FP2,2021-01-11,0.191
619FP2,2021-01-12,1.933
619FP2,2022-01-01,1.372
619FP2,2022-01-02,0.645
619FP2,2022-01-03,0.481
619FP2,2022-01-04,1.181
619FP2,2022-01-05,0.623
619FP2,2022-01-06,0.637
619FP2,2022-01-07,0.602
619FP2,2022-01-08,0.516
624PUK,2016-01-11,0.402
624PUK,2016-01-12,0.342
624PUK,2017-01-01,0.358
624PUK,2017-01-02,0.396
624PUK,2017-01-03,0.378
624PUK,2017-01-04,1.642
624PUK,2017-01-05,0.488
624PUK,2017-01-06,0.495
624PUK,2017-01-07,2.098
624PUK,2017-01-08,0.498
624PUK,2017-01-09,0.533
624PUK,2017-01-10,2.008
624PUK,2017-01-11,1.87
624PUK,2017-01-12,0.49
624PUK,2018-01-01,0.484
624PUK,2018-01-02,0.492
624PUK,2018-01-03,0.53
624PUK,2018-01-04,0.578
624PUK,2018-01-05,0.97
624PUK,2018-01-06,1.769
624PUK,2018-01-07,1.635
624PUK,2018-01-08,1.694
624PUK,2018-01-09,0.633
624PUK,2018-01-10,0.697
624PUK,2018-01-11,0.536
624PUK,2018-01-12,0.581
624PUK,2019-01-01,0.694
624PUK,2019-01-02,0.533
624PUK,2019-01-03,0.479
624PUK,2019-01-04,0.625
624PUK,2019-01-05,0.585
624PUK,2019-01-06,0.519
624PUK,2019-01-07,0.628
624PUK,2019-01-08,0.742
624PUK,2019-01-09,0.652
624PUK,2019-01-10,0.468
624PUK,2019-01-11,0.522
624PUK,2019-01-12,0.449
624PUK,2020-01-01,0.567
624PUK,2020-01-02,0.475
624PUK,2020-01-03,0.447
624PUK,2020-01-04,0.706
624PUK,2020-01-05,0.693
624PUK,2020-01-06,0.519
624PUK,2020-01-07,0.458
624PUK,2020-01-08,0.601
624PUK,2020-01-09,0.646
624PUK,2020-01-10,0.693
624PUK,2020-01-11,0.516
624PUK,2020-01-12,0.489
624PUK,2021-01-01,0.594
624PUK,2021-01-02,0.563
624PUK,2021-01-03,0.582
624PUK,2021-01-04,0.511
624PUK,2021-01-05,0.488
624PUK,2021-01-06,0.62
624PUK,2021-01-07,0.522
624PUK,2021-01-08,0.509
624PUK,2021-01-09,0.53
624PUK,2021-01-10,0.507
624PUK,2021-01-11,0.693
624PUK,2021-01-12,0.513
624PUK,2022-01-01,0.508
624PUK,2022-01-02,0.465
624PUK,2022-01-03,0.471
624PUK,2022-01-04,0.453
624PUK,2022-01-05,0.447
624PUK,2022-01-06,0.41
624PUK,2022-01-07,0.451
624PUK,2022-01-08,0.379
642DYT,2019-01-06,4.394
642DYT,2019-01-07,4.531
642DYT,2019-01-08,4.732
642DYT,2019-01-09,4.21
642DYT,2019-01-10,4.286
642DYT,2019-01-11,5.45
642DYT,2019-01-12,3.724
642DYT,2019-03-05,3.502
642DYT,2020-01-01,3.143
642DYT,2020-01-02,3.204
642DYT,2020-01-03,2.997
642DYT,2020-01-04,3.811
642DYT,2020-01-05,4.538
642DYT,2020-01-06,4.717
642DYT,2020-01-07,4.939
642DYT,2020-01-08,4.756
642DYT,2020-01-09,3.833
642DYT,2020-01-10,4.258
642DYT,2020-01-11,2.677
642DYT,2020-01-12,2.729
642DYT,2021-01-01,4.9
642DYT,2021-01-02,4.578
642DYT,2021-01-03,3.437
642DYT,2021-01-04,5.038
642DYT,2021-01-05,4.52
642DYT,2021-01-06,4.982
642DYT,2021-01-07,3.853
642DYT,2021-01-08,4.865
642DYT,2021-01-09,4.592
642DYT,2021-01-10,4.69
642DYT,2021-01-11,2.868
642DYT,2021-01-12,2.691
642DYT,2022-01-01,5.69
642DYT,2022-01-02,4.773
642DYT,2022-01-03,3.918
642DYT,2022-01-04,5.001
642DYT,2022-01-05,5.584
642DYT,2022-01-06,5.756
642DYT,2022-01-07,5.534
642DYT,2022-01-08,5.447
674GG6,2016-01-12,1.38
674GG6,2017-01-01,1.305
674GG6,2017-01-02,0.426
674GG6,2017-01-03,0.497
674GG6,2017-01-04,1.606
674GG6,2017-01-05,1.755
674GG6,2017-01-06,1.69
674GG6,2017-01-07,1.71
674GG6,2017-01-08,1.749
674GG6,2017-01-09,1.619
674GG6,2017-01-10,1.59
674GG6,2017-01-11,0.524
674GG6,2017-01-12,1.336
674GG6,2018-01-01,1.437
674GG6,2018-01-02,1.035
674GG6,2018-01-03,1.291
674GG6,2018-01-04,0.88
674GG6,2018-01-05,1.694
674GG6,2018-01-06,1.651
674GG6,2018-01-07,3.004
674GG6,2018-01-08,2.974
674GG6,2018-01-09,3.516
674GG6,2018-01-10,2.518
674GG6,2018-01-11,1.208
674GG6,2018-01-12,1.234
674GG6,2019-01-01,1.343
674GG6,2019-01-02,1.256
674GG6,2019-01-03,1.515
674GG6,2019-01-04,2.261
674GG6,2019-01-05,3.676
674GG6,2019-01-06,2.945
674GG6,2019-01-07,2.844
674GG6,2019-01-08,3.313
674GG6,2019-01-09,2.655
674GG6,2019-01-10,2.27
674GG6,2019-01-11,1.147
674GG6,2019-01-12,1.638
674GG6,2020-01-01,1.473
674GG6,2020-01-02,1.307
674GG6,2020-01-03,2.493
674GG6,2020-01-04,2.665
674GG6,2020-01-05,2.869
674GG6,2020-01-06,2.735
674GG6,2020-01-07,2.964
674GG6,2020-01-08,2.773
674GG6,2020-01-09,2.741
674GG6,2020-01-10,2.586
674GG6,2020-01-11,1.183
674GG6,2020-01-12,2.225
674GG6,2021-01-01,2.496
674GG6,2021-01-02,2.823
674GG6,2021-01-03,1.193
674GG6,2021-01-04,2.894
674GG6,2021-01-05,2.729
674GG6,2021-01-06,3.094
674GG6,2021-01-07,2.643
674GG6,2021-01-08,2.753
674GG6,2021-01-09,2.727
674GG6,2021-01-10,2.636
674GG6,2021-01-11,1.038
674GG6,2021-01-12,1.261
674GG6,2022-01-01,2.977
674GG6,2022-01-02,2.671
674GG6,2022-01-03,1.107
674GG6,2022-01-04,2.861
674GG6,2022-01-05,3.733
674GG6,2022-01-06,3.054
674GG6,2022-01-07,3.341
674GG6,2022-01-08,2.474
702FK5,2016-01-12,0.523
702FK5,2017-01-01,0.855
702FK5,2017-01-02,0.626
702FK5,2017-01-03,0.609
702FK5,2017-01-04,0.585
702FK5,2017-01-05,0.556
702FK5,2017-01-06,0.668
702FK5,2017-01-07,0.55
702FK5,2017-01-08,0.61
702FK5,2017-01-09,0.6
702FK5,2017-01-10,0.65
702FK5,2017-01-11,1.32
702FK5,2017-01-12,0.701
702FK5,2018-01-01,0.636
702FK5,2018-01-02,1.344
702FK5,2018-01-03,1.449
702FK5,2018-01-04,0.666
702FK5,2018-01-05,0.658
702FK5,2018-01-06,1.16
702FK5,2018-01-07,0.607
702FK5,2018-01-08,0.601
702FK5,2018-01-09,0.557
702FK5,2018-01-10,1.096
702FK5,2018-01-11,1.199
702FK5,2018-01-12,1.231
702FK5,2019-01-01,1.395
702FK5,2019-01-02,1.456
702FK5,2019-01-03,1.371
702FK5,2019-01-04,1.518
702FK5,2019-01-05,0.635
702FK5,2019-01-06,0.568
702FK5,2019-01-07,0.561
702FK5,2019-01-08,0.498
702FK5,2019-01-09,0.59
702FK5,2019-01-10,1.076
702FK5,2019-01-11,1.22
702FK5,2019-01-12,1.2
702FK5,2020-01-01,1.26
702FK5,2020-01-02,1.21
702FK5,2020-01-03,1.202
702FK5,2020-01-04,0.462
702FK5,2020-01-05,0.486
702FK5,2020-01-06,0.518
702FK5,2020-01-07,0.571
702FK5,2020-01-08,0.634
702FK5,2020-01-09,0.614
702FK5,2020-01-10,1.114
702FK5,2020-01-11,0.964
702FK5,2020-01-12,0.56
702FK5,2021-01-01,0.604
702FK5,2021-01-02,0.441
702FK5,2021-01-03,0.035
702FK5,2021-01-04,0.013
702FK5,2021-01-05,0
702FK5,2021-01-06,0.008
702FK5,2021-01-07,0.35
702FK5,2021-01-08,0.533
702FK5,2021-01-09,0.502
702FK5,2021-01-10,0.827
702FK5,2021-01-11,1.019
702FK5,2021-01-12,1.022
702FK5,2022-01-01,1.168
702FK5,2022-01-02,1.37
702FK5,2022-01-03,1.491
702FK5,2022-01-04,0.864
702FK5,2022-01-05,0.811
702FK5,2022-01-06,0.872
702FK5,2022-01-07,0.681
702FK5,2022-01-08,1.027
704EPC,2016-01-11,0.547
704EPC,2016-01-12,0.467
704EPC,2017-01-01,0.555
704EPC,2017-01-02,0.471
704EPC,2017-01-03,0.651
704EPC,2017-01-04,0.528
704EPC,2017-01-05,0.613
704EPC,2017-01-06,0.63
704EPC,2017-01-07,0.71
704EPC,2017-01-08,0.684
704EPC,2017-01-09,0.752
704EPC,2017-01-10,0.77
704EPC,2017-01-11,0.654
704EPC,2017-01-12,0.63
704EPC,2018-01-01,0.677
704EPC,2018-01-02,0.866
704EPC,2018-01-03,0.719
704EPC,2018-01-04,0.759
704EPC,2018-01-05,0.704
704EPC,2018-01-06,0.963
704EPC,2018-01-07,0.729
704EPC,2018-01-08,0.698
704EPC,2018-01-09,0.83
704EPC,2018-01-10,0.795
704EPC,2018-01-11,0.82
704EPC,2018-01-12,0.758
704EPC,2019-01-01,0.662
704EPC,2019-01-02,0.544
704EPC,2019-01-03,0.614
704EPC,2019-01-04,0.94
704EPC,2019-01-05,0.713
704EPC,2019-01-06,0.758
704EPC,2019-01-07,0.639
704EPC,2019-01-08,0.671
704EPC,2019-01-09,0.685
704EPC,2019-01-10,0.725
704EPC,2019-01-11,0.699
704EPC,2019-01-12,0.705
704EPC,2020-01-01,0.765
704EPC,2020-01-02,0.618
704EPC,2020-01-03,0.674
704EPC,2020-01-04,0.835
704EPC,2020-01-05,0.708
704EPC,2020-01-06,0.684
704EPC,2020-01-07,0.938
704EPC,2020-01-08,0.871
704EPC,2020-01-09,0.741
704EPC,2020-01-10,0.938
704EPC,2020-01-11,0.603
704EPC,2020-01-12,0.577
704EPC,2021-01-01,0.546
704EPC,2021-01-02,0.578
704EPC,2021-01-03,0.962
704EPC,2021-01-04,0.698
704EPC,2021-01-05,1.06
704EPC,2021-01-06,0.715
704EPC,2021-01-07,0.762
704EPC,2021-01-08,0.811
704EPC,2021-01-09,1.033
704EPC,2021-01-10,0.961
704EPC,2021-01-11,0.623
704EPC,2021-01-12,0.719
704EPC,2022-01-01,0.887
704EPC,2022-01-02,0.862
704EPC,2022-01-03,0.547
704EPC,2022-01-04,0.827
704EPC,2022-01-05,0.82
704EPC,2022-01-06,0.812
704EPC,2022-01-07,0.98
704EPC,2022-01-08,0.888
767HD4,2022-01-07,3.011
767HD4,2022-01-08,2.924
773FKC,26/01/2017,1.346
773FKC,26/01/2018,1.164
773FKC,26/01/2019,0.877
773FKC,26/01/2020,1.48
773FKC,26/01/2021,2.15
773FKC,26/01/2022,0.509
773FKC,26/02/2017,1.29
773FKC,26/02/2018,1
773FKC,26/02/2019,0.923
773FKC,26/02/2020,1.234
773FKC,26/02/2021,1.553
773FKC,26/02/2022,0.454
773FKC,26/03/2017,1.43
773FKC,26/03/2018,0.904
773FKC,26/03/2019,1.063
773FKC,26/03/2020,1.193
773FKC,26/03/2021,1.874
773FKC,26/03/2022,1.446
773FKC,26/04/2017,1.435
773FKC,26/04/2018,0.823
773FKC,26/04/2019,0.818
773FKC,26/04/2020,1.254
773FKC,26/04/2021,2.265
773FKC,26/04/2022,1.739
773FKC,26/05/2017,1.702
773FKC,26/05/2018,0.878
773FKC,26/05/2019,0.826
773FKC,26/05/2020,1.03
773FKC,26/05/2021,2.344
773FKC,26/05/2022,1.931
773FKC,26/06/2017,1.564
773FKC,26/06/2018,0.81
773FKC,26/06/2019,0.777
773FKC,26/06/2020,0.823
773FKC,26/06/2021,2.244
773FKC,26/06/2022,2.343
773FKC,26/07/2017,1.56
773FKC,26/07/2018,2.195
773FKC,26/07/2019,1.346
773FKC,26/07/2020,1.258
773FKC,26/07/2021,2.186
773FKC,26/07/2022,1.921
773FKC,26/08/2017,0.655
773FKC,26/08/2018,0.843
773FKC,26/08/2019,1.075
773FKC,26/08/2020,1.114
773FKC,26/08/2021,1.828
773FKC,26/09/2017,0.642
773FKC,26/09/2018,1.53
773FKC,26/09/2019,1.136
773FKC,26/09/2020,1.234
773FKC,26/09/2021,1.712
773FKC,26/10/2016,1.421
773FKC,26/10/2017,1.29
773FKC,26/10/2018,0.724
773FKC,26/10/2019,2.25
773FKC,26/10/2020,1.094
773FKC,26/10/2021,1.312
773FKC,26/11/2016,1.542
773FKC,26/11/2017,1.638
773FKC,26/11/2018,0.612
773FKC,26/11/2019,1.472
773FKC,26/11/2020,1.273
773FKC,26/11/2021,0.585
773FKC,26/12/2016,1.52
773FKC,26/12/2017,1.739
773FKC,26/12/2018,0.826
773FKC,26/12/2019,1.648
773FKC,26/12/2020,1.631
773FKC,26/12/2021,0.844
896H5H,2020-01-04,2.234
896H5H,2020-01-05,2.568
896H5H,2020-01-06,2.345
896H5H,2020-01-07,2.475
896H5H,2020-01-08,2.484
896H5H,2020-01-09,2.316
896H5H,2020-01-10,2.153
896H5H,2020-01-11,1.334
896H5H,2020-01-12,2.157
896H5H,2020-04-03,2.132
896H5H,2021-01-01,2.021
896H5H,2021-01-02,2.349
896H5H,2021-01-03,1.346
896H5H,2021-01-04,2.382
896H5H,2021-01-05,2.393
896H5H,2021-01-06,2.567
896H5H,2021-01-07,2.701
896H5H,2021-01-08,2.495
896H5H,2021-01-09,2.592
896H5H,2021-01-10,2.357
896H5H,2021-01-11,1.388
896H5H,2021-01-12,1.784
896H5H,2022-01-01,2.589
896H5H,2022-01-02,2.884
896H5H,2022-01-03,1.671
896H5H,2022-01-04,2.169
896H5H,2022-01-05,2.54
896H5H,2022-01-06,2.523
896H5H,2022-01-07,2.565
896H5H,2022-01-08,2.5
928DCJ,2016-01-11,0
928DCJ,2016-01-12,0
928DCJ,2017-01-01,0
928DCJ,2017-01-02,0
928DCJ,2017-01-03,0
928DCJ,2017-01-04,0
928DCJ,2017-01-05,0
928DCJ,2017-01-06,0
928DCJ,2017-01-07,0
928DCJ,2017-01-08,0
928DCJ,2017-01-09,0
928DCJ,2017-01-10,0
928DCJ,2017-01-11,0
928DCJ,2017-01-12,0
928DCJ,2018-01-01,0
928DCJ,2018-01-02,0
928DCJ,2018-01-03,0
928DCJ,2018-01-04,0
928DCJ,2018-01-05,0
928DCJ,2018-01-06,0.633
928DCJ,2018-01-07,0.758
928DCJ,2018-01-08,0.589
928DCJ,2018-01-09,1.251
928DCJ,2018-01-10,0.007
928DCJ,2018-01-11,0.001
928DCJ,2018-01-12,0
928DCJ,2019-01-01,1.286
928DCJ,2019-01-02,1.257
928DCJ,2019-01-03,1.285
928DCJ,2019-01-04,1.176
928DCJ,2019-01-05,0.384
928DCJ,2019-01-06,0.565
928DCJ,2019-01-07,0.642
928DCJ,2019-01-08,0.57
928DCJ,2019-01-09,0.512
928DCJ,2019-01-10,0.586
928DCJ,2019-01-11,0.492
928DCJ,2019-01-12,1.083
928DCJ,2020-01-01,1.631
928DCJ,2020-01-02,1.951
928DCJ,2020-01-03,1.148
928DCJ,2020-01-04,1.753
928DCJ,2020-01-05,1.676
928DCJ,2020-01-06,1.925
928DCJ,2020-01-07,1.835
928DCJ,2020-01-08,2.191
928DCJ,2020-01-09,1.72
928DCJ,2020-01-10,1.773
928DCJ,2020-01-11,1.777
928DCJ,2020-01-12,2.213
928DCJ,2021-01-01,2.954
928DCJ,2021-01-02,2.897
928DCJ,2021-01-03,1.501
928DCJ,2021-01-04,1.671
928DCJ,2021-01-05,1.723
928DCJ,2021-01-06,1.754
928DCJ,2021-01-07,1.817
928DCJ,2021-01-08,2.212
928DCJ,2021-01-09,1.682
928DCJ,2021-01-10,1.561
928DCJ,2021-01-11,1.326
928DCJ,2021-01-12,1.1
928DCJ,2022-01-01,1.548
928DCJ,2022-01-02,1.737
928DCJ,2022-01-03,1.327
928DCJ,2022-01-04,0.979
928DCJ,2022-01-05,1.456
928DCJ,2022-01-06,1.068
928DCJ,2022-01-07,1.791
928DCJ,2022-01-08,2.229
935HPT,2016-01-11,0.919
935HPT,2016-01-12,0.564
935HPT,2017-01-01,0.55
935HPT,2017-01-02,0.914
935HPT,2017-01-03,1.324
935HPT,2017-01-04,1.025
935HPT,2017-01-05,1.245
935HPT,2017-01-06,1.267
935HPT,2017-01-07,1.156
935HPT,2017-01-08,1.265
935HPT,2017-01-09,1.183
935HPT,2017-01-10,1.038
935HPT,2017-01-11,1.254
935HPT,2017-01-12,1.209
935HPT,2018-01-01,1.032
935HPT,2018-01-02,1.041
935HPT,2018-01-03,1.198
935HPT,2018-01-04,1.43
935HPT,2018-01-05,1.371
935HPT,2018-01-06,1.342
935HPT,2018-01-07,1.276
935HPT,2018-01-08,1.764
935HPT,2018-01-09,1.361
935HPT,2018-01-10,1.548
935HPT,2018-01-11,1.251
935HPT,2018-01-12,1.119
935HPT,2019-01-01,1.009
935HPT,2019-01-02,1.309
935HPT,2019-01-03,0.948
935HPT,2019-01-04,1.356
935HPT,2019-01-05,1.35
935HPT,2019-01-06,1.328
935HPT,2019-01-07,1.438
935HPT,2019-01-08,1.437
935HPT,2019-01-09,1.282
935HPT,2019-01-10,1.347
935HPT,2019-01-11,1.284
935HPT,2019-01-12,1.291
935HPT,2020-01-01,1.013
935HPT,2020-01-02,1.38
935HPT,2020-01-03,1.452
935HPT,2020-01-04,1.559
935HPT,2020-01-05,2.058
935HPT,2020-01-06,1.56
935HPT,2020-01-07,1.712
935HPT,2020-01-08,1.832
935HPT,2020-01-09,1.56
935HPT,2020-01-10,1.399
935HPT,2020-01-11,1.185
935HPT,2020-01-12,1.823
935HPT,2021-01-01,1.056
935HPT,2021-01-02,1.458
935HPT,2021-01-03,1.218
935HPT,2021-01-04,1.424
935HPT,2021-01-05,1.826
935HPT,2021-01-06,1.39
935HPT,2021-01-07,1.397
935HPT,2021-01-08,1.525
935HPT,2021-01-09,1.654
935HPT,2021-01-10,1.49
935HPT,2021-01-11,1.43
935HPT,2021-01-12,1.236
935HPT,2022-01-01,2.224
935HPT,2022-01-02,2.474
935HPT,2022-01-03,1.788
935HPT,2022-01-04,1.852
935HPT,2022-01-05,1.527
935HPT,2022-01-06,1.635
935HPT,2022-01-07,1.745
935HPT,2022-01-08,1.752
F290EN,2017-01-12,0
F290EN,2018-01-01,0
F290EN,2018-01-02,0
F290EN,2018-01-03,1.036
F290EN,2018-01-04,1.317
F290EN,2018-01-05,1.158
F290EN,2018-01-06,1.151
F290EN,2018-01-07,1.177
F290EN,2018-01-08,0.356
F290EN,2018-01-09,1.658
F290EN,2018-01-10,1.474
F290EN,2018-01-11,0.399
F290EN,2018-01-12,0.33
F290EN,2019-01-01,0.722
F290EN,2019-01-02,0.368
F290EN,2019-01-03,0.439
F290EN,2019-01-04,1.017
F290EN,2019-01-05,0.998
F290EN,2019-01-06,0.935
F290EN,2019-01-07,0.603
F290EN,2019-01-08,0.622
F290EN,2019-01-09,0.739
F290EN,2019-01-10,0.585
F290EN,2019-01-11,0.647
F290EN,2019-01-12,0.629
F290EN,2020-01-01,0.902
F290EN,2020-01-02,0.366
F290EN,2020-01-03,0.5
F290EN,2020-01-04,0.869
F290EN,2020-01-05,0.686
F290EN,2020-01-06,0.73
F290EN,2020-01-07,0.721
F290EN,2020-01-08,0.945
F290EN,2020-01-09,0.462
F290EN,2020-01-10,0.44
F290EN,2020-01-11,0.373
F290EN,2020-01-12,0.244
F290EN,2021-01-01,0.375
F290EN,2021-01-02,2.747
F290EN,2021-01-03,0.445
F290EN,2021-01-04,0.755
F290EN,2021-01-05,0.667
F290EN,2021-01-06,0.839
F290EN,2021-01-07,0.908
F290EN,2021-01-08,0.579
F290EN,2021-01-09,0.513
F290EN,2021-01-10,0.876
F290EN,2021-01-11,0.773
F290EN,2021-01-12,0.814
F290EN,2022-01-01,2.761
F290EN,2022-01-02,2.618
F290EN,2022-01-03,0.325
F290EN,2022-01-04,0.364
F290EN,2022-01-05,0.365
F290EN,2022-01-06,0.29
F290EN,2022-01-07,0.317
F290EN,2022-01-08,0.364
F290EN,15/11/2017,0
F359EF,2017-01-11,1.414
F359EF,2017-01-12,1.765
F359EF,2018-01-01,1.776
F359EF,2018-01-02,1.021
F359EF,2018-01-03,1.097
F359EF,2018-01-04,0.699
F359EF,2018-01-05,0.666
F359EF,2018-01-06,0.759
F359EF,2018-01-07,0.857
F359EF,2018-01-08,0.576
F359EF,2018-01-09,0.846
F359EF,2018-01-10,1.001
F359EF,2018-01-11,0.555
F359EF,2018-01-12,0.829
F359EF,2019-01-01,0.66
F359EF,2019-01-02,0.676
F359EF,2019-01-03,0.681
F359EF,2019-01-04,1.184
F359EF,2019-01-05,0.61
F359EF,2019-01-06,0.584
F359EF,2019-01-07,0.703
F359EF,2019-01-08,0.884
F359EF,2019-01-09,1.062
F359EF,2019-01-10,1.24
F359EF,2019-01-11,0.975
F359EF,2019-01-12,0.93
F359EF,2020-01-01,0.891
F359EF,2020-01-02,1.378
F359EF,2020-01-03,0.898
F359EF,2020-01-04,0.901
F359EF,2020-01-05,1.139
F359EF,2020-01-06,0.851
F359EF,2020-01-07,0.853
F359EF,2020-01-08,1.035
F359EF,2020-01-09,1.248
F359EF,2020-01-10,0.776
F359EF,2020-01-11,0.906
F359EF,2020-01-12,0.695
F359EF,2021-01-01,0.703
F359EF,2021-01-02,0.681
F359EF,2021-01-03,0.677
F359EF,2021-01-04,0.681
F359EF,2021-01-05,0.736
F359EF,2021-01-06,0.726
F359EF,2021-01-07,0.754
F359EF,2021-01-08,0.802
F359EF,2021-01-09,0.768
F359EF,2021-01-10,0.745
F359EF,2021-01-11,0.688
F359EF,2021-01-12,0.589
F359EF,2022-01-01,0.561
F359EF,2022-01-02,0.568
F359EF,2022-01-03,0.594
F359EF,2022-01-04,1.458
F359EF,2022-01-05,1.12
F359EF,2022-01-06,0.852
F359EF,2022-01-07,0.886
F359EF,2022-01-08,0.928
F359EF,20/10/2017,1.089
F374RC,2018-01-03,1.206
F374RC,2018-01-04,1.071
F374RC,2018-01-05,1.124
F374RC,2018-01-06,1.492
F374RC,2018-01-07,1.107
F374RC,2018-01-08,1.466
F374RC,2018-01-09,1.736
F374RC,2018-01-10,2.048
F374RC,2018-01-11,1.637
F374RC,2018-01-12,1.357
F374RC,2018-07-02,0.957
F374RC,2019-01-01,1.248
F374RC,2019-01-02,1.128
F374RC,2019-01-03,1.337
F374RC,2019-01-04,1.268
F374RC,2019-01-05,1.805
F374RC,2019-01-06,1.793
F374RC,2019-01-07,1.746
F374RC,2019-01-08,1.747
F374RC,2019-01-09,1.426
F374RC,2019-01-10,1.582
F374RC,2019-01-11,1.203
F374RC,2019-01-12,1.317
F374RC,2020-01-01,1.054
F374RC,2020-01-02,1.251
F374RC,2020-01-03,1.628
F374RC,2020-01-04,1.603
F374RC,2020-01-05,1.988
F374RC,2020-01-06,1.815
F374RC,2020-01-07,1.81
F374RC,2020-01-08,1.729
F374RC,2020-01-09,1.777
F374RC,2020-01-10,1.226
F374RC,2020-01-11,1.203
F374RC,2020-01-12,1.214
F374RC,2021-01-01,1.179
F374RC,2021-01-02,1.127
F374RC,2021-01-03,1.302
F374RC,2021-01-04,0.456
F374RC,2021-01-05,0.451
F374RC,2021-01-06,0.52
F374RC,2021-01-07,0.465
F374RC,2021-01-08,0.671
F374RC,2021-01-09,0.632
F374RC,2021-01-10,0.725
F374RC,2021-01-11,0.647
F374RC,2021-01-12,0.598
F374RC,2022-01-01,0.32
F374RC,2022-01-02,0.611
F374RC,2022-01-03,0.587
F374RC,2022-01-04,0.579
F374RC,2022-01-05,0.295
F374RC,2022-01-06,0.03
F374RC,2022-01-07,1.794
F374RC,2022-01-08,1.899
F374RC,19/01/2018,0
F641EV,2018-01-02,1.465
F641EV,2018-01-03,1.742
F641EV,2018-01-04,0.678
F641EV,2018-01-05,0.823
F641EV,2018-01-06,0.626
F641EV,2018-01-07,1.135
F641EV,2018-01-08,0.781
F641EV,2018-01-09,1.261
F641EV,2018-01-10,1.387
F641EV,2018-01-11,1.537
F641EV,2018-01-12,1.8
F641EV,2019-01-01,1.437
F641EV,2019-01-02,1.547
F641EV,2019-01-03,3.057
F641EV,2019-01-04,1.243
F641EV,2019-01-05,1.38
F641EV,2019-01-06,0.703
F641EV,2019-01-07,0.848
F641EV,2019-01-08,0.738
F641EV,2019-01-09,0.97
F641EV,2019-01-10,0.867
F641EV,2019-01-11,0.952
F641EV,2019-01-12,2.133
F641EV,2020-01-01,1.498
F641EV,2020-01-02,2.354
F641EV,2020-01-03,1.418
F641EV,2020-01-04,0.475
F641EV,2020-01-05,0.588
F641EV,2020-01-06,0.6
F641EV,2020-01-07,0.863
F641EV,2020-01-08,0.699
F641EV,2020-01-09,0.734
F641EV,2020-01-10,1.637
F641EV,2020-01-11,1.501
F641EV,2020-01-12,1.564
F641EV,2021-01-01,1.415
F641EV,2021-01-02,1.565
F641EV,2021-01-03,1.394
F641EV,2021-01-04,1.111
F641EV,2021-01-05,0.614
F641EV,2021-01-06,0.731
F641EV,2021-01-07,0.834
F641EV,2021-01-08,0.924
F641EV,2021-01-09,0.661
F641EV,2021-01-10,0.889
F641EV,2021-01-11,1.288
F641EV,2021-01-12,1.372
F641EV,2022-01-01,1.493
F641EV,2022-01-02,1.536
F641EV,2022-01-03,1.422
F641EV,2022-01-04,1.161
F641EV,2022-01-05,0.706
F641EV,2022-01-06,0.743
F641EV,2022-01-07,1.396
F641EV,2022-01-08,0.962
F641EV,13/01/2018,1.692
G913TH,2018-01-03,1.659
G913TH,2018-01-04,1.808
G913TH,2018-01-05,1.969
G913TH,2018-01-06,1.903
G913TH,2018-01-07,1.908
G913TH,2018-01-08,1.908
G913TH,2018-01-09,1.857
G913TH,2018-01-10,1.93
G913TH,2018-01-11,1.194
G913TH,2018-01-12,0.351
G913TH,2018-09-02,0.523
G913TH,2019-01-01,0.484
G913TH,2019-01-02,0.355
G913TH,2019-01-03,1.609
G913TH,2019-01-04,1.634
G913TH,2019-01-05,1.793
G913TH,2019-01-06,1.855
G913TH,2019-01-07,1.856
G913TH,2019-01-08,1.979
G913TH,2019-01-09,1.663
G913TH,2019-01-10,1.673
G913TH,2019-01-11,1.2
G913TH,2019-01-12,0.42
G913TH,2020-01-01,0.591
G913TH,2020-01-02,0.454
G913TH,2020-01-03,1.61
G913TH,2020-01-04,1.805
G913TH,2020-01-05,1.927
G913TH,2020-01-06,1.784
G913TH,2020-01-07,1.927
G913TH,2020-01-08,1.857
G913TH,2020-01-09,1.644
G913TH,2020-01-10,1.358
G913TH,2020-01-11,0.389
G913TH,2020-01-12,0.683
G913TH,2021-01-01,0.734
G913TH,2021-01-02,0.665
G913TH,2021-01-03,1.249
G913TH,2021-01-04,1.724
G913TH,2021-01-05,1.771
G913TH,2021-01-06,1.896
G913TH,2021-01-07,2.024
G913TH,2021-01-08,1.898
G913TH,2021-01-09,0.556
G913TH,2021-01-10,0.995
G913TH,2021-01-11,0.835
G913TH,2021-01-12,2.272
G913TH,2022-01-01,2.248
G913TH,2022-01-02,1.019
G913TH,2022-01-03,0.673
G913TH,2022-01-04,0.603
G913TH,2022-01-05,0.732
G913TH,2022-01-06,1.68
G913TH,2022-01-07,1.736
G913TH,2022-01-08,1.455
G982UY,2017-04-12,2.169
G982UY,2018-01-01,2.103
G982UY,2018-01-02,1.355
G982UY,2018-01-03,1.062
G982UY,2018-01-04,2.13
G982UY,2018-01-05,2.334
G982UY,2018-01-06,2.557
G982UY,2018-01-07,2.569
G982UY,2018-01-08,2.561
G982UY,2018-01-09,2.364
G982UY,2018-01-10,2.241
G982UY,2018-01-11,1.09
G982UY,2018-01-12,1.168
G982UY,2019-01-01,0.972
G982UY,2019-01-02,0.876
G982UY,2019-01-03,1.016
G982UY,2019-01-04,2.024
G982UY,2019-01-05,2.291
G982UY,2019-01-06,2.424
G982UY,2019-01-07,2.473
G982UY,2019-01-08,2.499
G982UY,2019-01-09,2.249
G982UY,2019-01-10,2.238
G982UY,2019-01-11,1.024
G982UY,2019-01-12,0.963
G982UY,2020-01-01,0.938
G982UY,2020-01-02,1.095
G982UY,2020-01-03,1.911
G982UY,2020-01-04,2.314
G982UY,2020-01-05,2.265
G982UY,2020-01-06,2.524
G982UY,2020-01-07,2.337
G982UY,2020-01-08,2.228
G982UY,2020-01-09,2.145
G982UY,2020-01-10,2.098
G982UY,2020-01-11,1.429
G982UY,2020-01-12,1.071
G982UY,2021-01-01,1.43
G982UY,2021-01-02,1.758
G982UY,2021-01-03,1.072
G982UY,2021-01-04,2.171
G982UY,2021-01-05,2.592
G982UY,2021-01-06,2.298
G982UY,2021-01-07,2.197
G982UY,2021-01-08,2.405
G982UY,2021-01-09,2.374
G982UY,2021-01-10,2.068
G982UY,2021-01-11,1.105
G982UY,2021-01-12,1.08
G982UY,2022-01-01,0.901
G982UY,2022-01-02,1.739
G982UY,2022-01-03,0.905
G982UY,2022-01-04,2.205
G982UY,2022-01-05,2.263
G982UY,2022-01-06,2.375
G982UY,2022-01-07,2.312
G982UY,2022-01-08,2.326
GD913K,2020-01-11,1.255
GD913K,2020-01-12,1.044
GD913K,2020-06-10,1.779
GD913K,2021-01-01,1.437
GD913K,2021-01-02,0
GD913K,2021-01-03,1.342
GD913K,2021-01-04,1.553
GD913K,2021-01-05,1.539
GD913K,2021-01-06,1.509
GD913K,2021-01-07,1.501
GD913K,2021-01-08,1.557
GD913K,2021-01-09,1.533
GD913K,2021-01-10,1.332
GD913K,2021-01-11,1.412
GD913K,2021-01-12,1.48
GD913K,2022-01-01,1.885
GD913K,2022-01-02,1.374
GD913K,2022-01-03,1.433
GD913K,2022-01-04,1.553
GD913K,2022-01-05,1.643
GD913K,2022-01-06,1.623
GD913K,2022-01-07,1.543
GD913K,2022-01-08,1.484
H152GC,2018-01-06,1.973
H152GC,2018-01-07,1.876
H152GC,2018-01-08,2
H152GC,2018-01-09,0.912
H152GC,2018-01-10,0.984
H152GC,2018-01-11,1.143
H152GC,2018-01-12,1.459
H152GC,2018-07-05,1.779
H152GC,2019-01-01,1.438
H152GC,2019-01-02,1.117
H152GC,2019-01-03,1.355
H152GC,2019-01-04,1.443
H152GC,2019-01-05,1.404
H152GC,2019-01-06,1.35
H152GC,2019-01-07,1.253
H152GC,2019-01-08,1.316
H152GC,2019-01-09,0.962
H152GC,2019-01-10,0.93
H152GC,2019-01-11,1.644
H152GC,2019-01-12,1.389
H152GC,2020-01-01,1.337
H152GC,2020-01-02,1.471
H152GC,2020-01-03,1.273
H152GC,2020-01-04,1.323
H152GC,2020-01-05,0.878
H152GC,2020-01-06,0.759
H152GC,2020-01-07,0
H152GC,2020-01-08,0.615
H152GC,2020-01-09,0.716
H152GC,2020-01-10,1.129
H152GC,2020-01-11,1.277
H152GC,2020-01-12,1.343
H152GC,2021-01-01,1.226
H152GC,2021-01-02,1.402
H152GC,2021-01-03,1.127
H152GC,2021-01-04,1.093
H152GC,2021-01-05,0.697
H152GC,2021-01-06,0.737
H152GC,2021-01-07,0.651
H152GC,2021-01-08,0.509
H152GC,2021-01-09,0.491
H152GC,2021-01-10,0.441
H152GC,2021-01-11,1.031
H152GC,2021-01-12,0.322
H152GC,2022-01-01,1.144
H152GC,2022-01-02,1.124
H152GC,2022-01-03,1.22
H152GC,2022-01-04,0.403
H152GC,2022-01-05,0.335
H152GC,2022-01-06,0.343
H152GC,2022-01-07,0.294
H152GC,2022-01-08,0.302
H666MV,2020-01-09,1.414
H666MV,2020-01-10,1.729
H666MV,2020-01-11,2.12
H666MV,2020-01-12,2.086
H666MV,2021-01-01,2.141
H666MV,2021-01-02,1.812
H666MV,2021-01-03,1.707
H666MV,2021-01-04,1.891
H666MV,2021-01-05,2.23
H666MV,2021-01-06,1.833
H666MV,2021-01-07,1.944
H666MV,2021-01-08,2.051
H666MV,2021-01-09,2.115
H666MV,2021-01-10,1.845
H666MV,2021-01-11,2.037
H666MV,2021-01-12,2.214
H666MV,2022-01-01,1.364
H666MV,2022-01-02,1.26
H666MV,2022-01-03,1.744
H666MV,2022-01-04,1.476
H666MV,2022-01-05,1.332
H666MV,2022-01-06,1.808
H666MV,2022-01-07,1.912
H666MV,2022-01-08,2.585
J061DN,2018-01-02,6.003
J061DN,2018-01-03,3.82
J061DN,2018-01-04,4.398
J061DN,2018-01-05,4.069
J061DN,2018-01-06,3.87
J061DN,2018-01-07,3.448
J061DN,2018-01-08,3.897
J061DN,2018-01-09,3.733
J061DN,2018-01-10,3.148
J061DN,2018-01-11,5.208
J061DN,2018-01-12,4.645
J061DN,2019-01-01,5.161
J061DN,2019-01-02,4.49
J061DN,2019-01-03,5.107
J061DN,2019-01-04,3.694
J061DN,2019-01-05,3.787
J061DN,2019-01-06,4.851
J061DN,2019-01-07,2.67
J061DN,2019-01-08,3.636
J061DN,2019-01-09,3.286
J061DN,2019-01-10,3.644
J061DN,2019-01-11,6.028
J061DN,2019-01-12,6.04
J061DN,2020-01-01,5.311
J061DN,2020-01-02,6.249
J061DN,2020-01-03,4.349
J061DN,2020-01-04,3.635
J061DN,2020-01-05,2.986
J061DN,2020-01-06,3.118
J061DN,2020-01-07,3.162
J061DN,2020-01-08,2.246
J061DN,2020-01-09,1.322
J061DN,2020-01-10,1.521
J061DN,2020-01-11,2.443
J061DN,2020-01-12,4.534
J061DN,2021-01-01,5.49
J061DN,2021-01-02,3.863
J061DN,2021-01-03,2.792
J061DN,2021-01-04,0.18
J061DN,2021-01-05,0.61
J061DN,2021-01-06,0.716
J061DN,2021-01-07,0.287
J061DN,2021-01-08,0.536
J061DN,2021-01-09,0.324
J061DN,2021-01-10,0.469
J061DN,2021-01-11,0.091
J061DN,2021-01-12,0.036
J061DN,2022-01-01,0.174
J061DN,2022-01-02,1.804
J061DN,2022-01-03,0.341
J061DN,2022-01-04,0.399
J061DN,2022-01-05,1.217
J061DN,2022-01-06,1.86
J061DN,2022-01-07,1.037
J061DN,2022-01-08,1.138
J061DN,19/01/2018,4.416
J185DD,2017-01-12,3.018
J185DD,2018-01-01,2.977
J185DD,2018-01-02,3.13
J185DD,2018-01-03,3.037
J185DD,2018-01-04,3.158
J185DD,2018-01-05,2.72
J185DD,2018-01-06,2.768
J185DD,2018-01-07,2.961
J185DD,2018-01-08,2.685
J185DD,2018-01-09,2.716
J185DD,2018-01-10,2.643
J185DD,2018-01-11,2.801
J185DD,2018-01-12,2.652
J185DD,2019-01-01,2.873
J185DD,2019-01-02,3.045
J185DD,2019-01-03,2.895
J185DD,2019-01-04,2.849
J185DD,2019-01-05,2.632
J185DD,2019-01-06,2.634
J185DD,2019-01-07,3.959
J185DD,2019-01-08,4.034
J185DD,2019-01-09,2.868
J185DD,2019-01-10,2.871
J185DD,2019-01-11,3.088
J185DD,2019-01-12,2.884
J185DD,2020-01-01,2.859
J185DD,2020-01-02,2.948
J185DD,2020-01-03,3.222
J185DD,2020-01-04,3.115
J185DD,2020-01-05,4.375
J185DD,2020-01-06,4.626
J185DD,2020-01-07,4.437
J185DD,2020-01-08,3.626
J185DD,2020-01-09,3.269
J185DD,2020-01-10,3.058
J185DD,2020-01-11,2.93
J185DD,2020-01-12,3.379
J185DD,2021-01-01,3.763
J185DD,2021-01-02,4.81
J185DD,2021-01-03,3.305
J185DD,2021-01-04,3.826
J185DD,2021-01-05,3.712
J185DD,2021-01-06,4.194
J185DD,2021-01-07,4.916
J185DD,2021-01-08,5.378
J185DD,2021-01-09,5.51
J185DD,2021-01-10,3.323
J185DD,2021-01-11,3.236
J185DD,2021-01-12,3.065
J185DD,2022-01-01,3.752
J185DD,2022-01-02,4.048
J185DD,2022-01-03,3.285
J185DD,2022-01-04,3.246
J185DD,2022-01-05,3.129
J185DD,2022-01-06,4.129
J185DD,2022-01-07,3.521
J185DD,2022-01-08,3.885
J185DD,30/11/2017,1.909
M313HB,2019-01-12,2.201
M313HB,2020-01-01,1.397
M313HB,2020-01-02,1.436
M313HB,2020-01-03,1.489
M313HB,2020-01-04,1.111
M313HB,2020-01-05,1.234
M313HB,2020-01-06,0.993
M313HB,2020-01-07,0.875
M313HB,2020-01-08,0.897
M313HB,2020-01-09,1.394
M313HB,2020-01-10,1.011
M313HB,2020-01-11,0.524
M313HB,2020-01-12,0.649
M313HB,2021-01-01,0.031
M313HB,2021-01-02,0.03
M313HB,2021-01-03,0.108
M313HB,2021-01-04,0.13
M313HB,2021-01-05,0.102
M313HB,2021-01-06,0.028
M313HB,2021-01-07,0.028
M313HB,2021-01-08,0.027
M313HB,2021-01-09,0.028
M313HB,2021-01-10,0.028
M313HB,2021-01-11,0.007
M313HB,2021-01-12,0.008
M313HB,2022-01-01,0.038
M313HB,2022-01-02,0.038
M313HB,2022-01-03,0.038
M313HB,2022-01-04,0.036
M313HB,2022-01-05,0.035
M313HB,2022-01-06,0.034
M313HB,2022-01-07,0.014
M313HB,2022-01-08,0.014
M581MD,2018-01-08,1.299
M581MD,2018-01-09,1.109
M581MD,2018-01-10,1.125
M581MD,2018-01-11,1.233
M581MD,2018-01-12,1.079
M581MD,2018-05-07,1.587
M581MD,2019-01-01,1.64
M581MD,2019-01-02,1.343
M581MD,2019-01-03,1.145
M581MD,2019-01-04,1.056
M581MD,2019-01-05,1.231
M581MD,2019-01-06,1.133
M581MD,2019-01-07,1.586
M581MD,2019-01-08,1.617
M581MD,2019-01-09,1.253
M581MD,2019-01-10,1.504
M581MD,2019-01-11,1.518
M581MD,2019-01-12,1.239
M581MD,2020-01-01,0.916
M581MD,2020-01-02,1.039
M581MD,2020-01-03,1.339
M581MD,2020-01-04,1.43
M581MD,2020-01-05,1.15
M581MD,2020-01-06,1.187
M581MD,2020-01-07,1.561
M581MD,2020-01-08,1.35
M581MD,2020-01-09,1.179
M581MD,2020-01-10,1.245
M581MD,2020-01-11,0.912
M581MD,2020-01-12,1.143
M581MD,2021-01-01,1.026
M581MD,2021-01-02,1.296
M581MD,2021-01-03,0.99
M581MD,2021-01-04,1.255
M581MD,2021-01-05,1.213
M581MD,2021-01-06,1.107
M581MD,2021-01-07,1.622
M581MD,2021-01-08,1.571
M581MD,2021-01-09,1.38
M581MD,2021-01-10,1.429
M581MD,2021-01-11,1.073
M581MD,2021-01-12,0.981
M581MD,2022-01-01,1.429
M581MD,2022-01-02,2.214
M581MD,2022-01-03,1.525
M581MD,2022-01-04,2.239
M581MD,2022-01-05,2.406
M581MD,2022-01-06,2.328
M581MD,2022-01-07,2.248
M581MD,2022-01-08,3.212
M974HA,2020-01-01,1.532
M974HA,2020-01-02,1.447
M974HA,2020-01-03,0.73
M974HA,2020-01-04,0.648
M974HA,2020-01-05,0.518
M974HA,2020-01-06,0.524
M974HA,2020-01-07,0.536
M974HA,2020-01-08,0.409
M974HA,2020-01-09,0.33
M974HA,2020-01-10,0.546
M974HA,2020-01-11,0.453
M974HA,2020-01-12,0.423
M974HA,2021-01-01,1.127
M974HA,2021-01-02,0.289
M974HA,2021-01-03,0.368
M974HA,2021-01-04,0.4
M974HA,2021-01-05,0.474
M974HA,2021-01-06,0.385
M974HA,2021-01-07,0.537
M974HA,2021-01-08,0.648
M974HA,2021-01-09,0.437
M974HA,2021-01-10,0.214
M974HA,2021-01-11,0.699
M974HA,2021-01-12,0.827
M974HA,2022-01-01,0
M974HA,2022-01-02,0
M974HA,2022-01-03,0
M974HA,2022-01-04,0
M974HA,2022-01-05,0
M974HA,2022-01-06,0
M974HA,2022-01-07,0
M974HA,2022-01-08,0
N082BJ,2019-01-12,0.388
N082BJ,2020-01-01,0.448
N082BJ,2020-01-02,1.767
N082BJ,2020-01-03,1.708
N082BJ,2020-01-04,3.939
N082BJ,2020-01-05,4.613
N082BJ,2020-01-06,3.02
N082BJ,2020-01-07,3.188
N082BJ,2020-01-08,3.473
N082BJ,2020-01-09,2.653
N082BJ,2020-01-10,2.588
N082BJ,2020-01-11,0.868
N082BJ,2020-01-12,0.657
N082BJ,2021-01-01,1.416
N082BJ,2021-01-02,2.515
N082BJ,2021-01-03,1.4
N082BJ,2021-01-04,2.611
N082BJ,2021-01-05,2.639
N082BJ,2021-01-06,2.836
N082BJ,2021-01-07,2.435
N082BJ,2021-01-08,2.87
N082BJ,2021-01-09,2.744
N082BJ,2021-01-10,2.119
N082BJ,2021-01-11,2.038
N082BJ,2021-01-12,2.296
N082BJ,2022-01-01,2.193
N082BJ,2022-01-02,2.18
N082BJ,2022-01-03,2.027
N082BJ,2022-01-04,2.107
N082BJ,2022-01-05,2.671
N082BJ,2022-01-06,2.509
N082BJ,2022-01-07,2.743
N082BJ,2022-01-08,2.482
N473RB,2022-01-07,0.042
N473RB,2022-01-08,0.043
N473RB,2022-02-06,1.117
N473RB,25/05/2022,0
R162EL,2020-01-01,2.333
R162EL,2020-01-02,2.171
R162EL,2020-01-03,2.21
R162EL,2020-01-04,2.431
R162EL,2020-01-05,2.225
R162EL,2020-01-06,2.287
R162EL,2020-01-07,2.276
R162EL,2020-01-08,2.553
R162EL,2020-01-09,3.086
R162EL,2020-01-10,2.969
R162EL,2020-01-11,2.365
R162EL,2020-01-12,2.415
R162EL,2021-01-01,1.757
R162EL,2021-01-02,1.623
R162EL,2021-01-03,1.161
R162EL,2021-01-04,1.481
R162EL,2021-01-05,1.644
R162EL,2021-01-06,2.677
R162EL,2021-01-07,2.782
R162EL,2021-01-08,1.59
R162EL,2021-01-09,1.922
R162EL,2021-01-10,1.778
R162EL,2021-01-11,1.825
R162EL,2021-01-12,2.007
R162EL,2022-01-01,1.796
R162EL,2022-01-02,2.048
R162EL,2022-01-03,1.751
R162EL,2022-01-04,1.538
R162EL,2022-01-05,1.751
R162EL,2022-01-06,2.182
R162EL,2022-01-07,2.896
R162EL,2022-01-08,2.012
W300HM,2019-01-12,1.152
W300HM,2020-01-01,1.065
W300HM,2020-01-02,1.616
W300HM,2020-01-03,2.173
W300HM,2020-01-04,2.211
W300HM,2020-01-05,2.748
W300HM,2020-01-06,2.3
W300HM,2020-01-07,2.682
W300HM,2020-01-08,2.619
W300HM,2020-01-09,2.49
W300HM,2020-01-10,2.105
W300HM,2020-01-11,1.338
W300HM,2020-01-12,1.245
W300HM,2021-01-01,1.98
W300HM,2021-01-02,2.083
W300HM,2021-01-03,1.896
W300HM,2021-01-04,2.356
W300HM,2021-01-05,2.516
W300HM,2021-01-06,2.408
W300HM,2021-01-07,2.381
W300HM,2021-01-08,2.233
W300HM,2021-01-09,1.941
W300HM,2021-01-10,2.047
W300HM,2021-01-11,1.461
W300HM,2021-01-12,1.681
W300HM,2022-01-01,2.339
W300HM,2022-01-02,2.694
W300HM,2022-01-03,1.641
W300HM,2022-01-04,2.418
W300HM,2022-01-05,3.573
W300HM,2022-01-06,3.164
W300HM,2022-01-07,3.184
W300HM,2022-01-08,3.298
X750VT,2020-01-09,2.842
X750VT,2020-01-10,1.702
X750VT,2020-01-11,1.542
X750VT,2020-01-12,1.792
X750VT,2021-01-01,1.62
X750VT,2021-01-02,1.877
X750VT,2021-01-03,1.572
X750VT,2021-01-04,1.569
X750VT,2021-01-05,1.746
X750VT,2021-01-06,2.656
X750VT,2021-01-07,2.61
X750VT,2021-01-08,2.471
X750VT,2021-01-09,1.86
X750VT,2021-01-10,1.612
X750VT,2021-01-11,0.912
X750VT,2021-01-12,1.426
X750VT,2022-01-01,1.784
X750VT,2022-01-02,1.426
X750VT,2022-01-03,1.295
X750VT,2022-01-04,1.954
X750VT,2022-01-05,2.954
X750VT,2022-01-06,1.984
X750VT,2022-01-07,2.734
X750VT,2022-01-08,1.936
X750VT,25/08/2020,1.806
